{
    "Net_rate": 269.06666666666666,
    "Net_rate_rsd": 1.4237619324644848,
    "Net_rate_std": 3.830868772951107,
    "Ops": 80108914.33333333,
    "Ops_rsd": 1.44680978799623,
    "Ops_std": 1159023.6136321814,
    "Run time": 20.0,
    "Run time_rsd": 0.0,
    "Run time_std": 0,
    "TPS": 1335069.0,
    "TPS_rsd": 1.446847447141521,
    "TPS_std": 19316.411744077832,
    "cmd_get": 72097753.66666667,
    "cmd_get_rsd": 1.44681485514931,
    "cmd_get_std": 1043121.0102782898,
    "cmd_set": 8011160.666666667,
    "cmd_set_rsd": 1.446764185537334,
    "cmd_set_std": 115902.60337118727,
    "concurrency": 600.0,
    "concurrency_rsd": 0.0,
    "concurrency_std": 0,
    "get proportion": 0.9,
    "get proportion_rsd": 0.0,
    "get proportion_std": 0,
    "get_misses": 0.0,
    "get_misses_rsd": 0,
    "get_misses_std": 0,
    "object_bytes": 1025428565.3333334,
    "object_bytes_rsd": 1.446764185537334,
    "object_bytes_std": 14835533.231511971,
    "read_bytes": 10734477034.666666,
    "read_bytes_rsd": 1.4468332918967164,
    "read_bytes_std": 155309987.44856477,
    "run time": 60.0,
    "run time_rsd": 0.0,
    "run time_std": 0,
    "set proportion": 0.10000000000000002,
    "set proportion_rsd": 0.0,
    "set proportion_std": 0,
    "threads count": 20.0,
    "threads count_rsd": 0.0,
    "threads count_std": 0,
    "total": 3,
    "written_bytes": 6192392035.666667,
    "written_bytes_rsd": 1.4468091743294276,
    "written_bytes_std": 89592096.08247013
}
