{
    "Net_rate": 308.0333333333333,
    "Net_rate_rsd": 0.868003663248186,
    "Net_rate_std": 2.673740617358829,
    "Ops": 91721473.0,
    "Ops_rsd": 0.851541705627971,
    "Ops_std": 781046.5956112989,
    "Run time": 20.0,
    "Run time_rsd": 0.0,
    "Run time_std": 0,
    "TPS": 1528598.6666666667,
    "TPS_rsd": 0.8514746301493394,
    "TPS_std": 13015.629843467736,
    "cmd_get": 82549001.33333333,
    "cmd_get_rsd": 0.8515439050572918,
    "cmd_get_std": 702940.9895396626,
    "cmd_set": 9172471.666666666,
    "cmd_set_rsd": 0.8515219116636454,
    "cmd_set_std": 78105.60608280625,
    "concurrency": 720.0,
    "concurrency_rsd": 0.0,
    "concurrency_std": 0,
    "get proportion": 0.9,
    "get proportion_rsd": 0.0,
    "get proportion_std": 0,
    "get_misses": 0.0,
    "get_misses_rsd": 0,
    "get_misses_std": 0,
    "object_bytes": 1174076373.3333333,
    "object_bytes_rsd": 0.8515219116636454,
    "object_bytes_std": 9997517.5785992,
    "read_bytes": 12290534277.333334,
    "read_bytes_rsd": 0.851552689741202,
    "read_bytes_std": 104660375.22219642,
    "run time": 60.0,
    "run time_rsd": 0.0,
    "run time_std": 0,
    "set proportion": 0.10000000000000002,
    "set proportion_rsd": 0.0,
    "set proportion_std": 0,
    "threads count": 24.0,
    "threads count_rsd": 0.0,
    "threads count_std": 0,
    "total": 3,
    "written_bytes": 7090038518.333333,
    "written_bytes_rsd": 0.8515445038540378,
    "written_bytes_std": 60374833.32400175
}
