{
    "Net_rate": 347.90000000000003,
    "Net_rate_rsd": 1.9757462126571652,
    "Net_rate_std": 6.873621073834279,
    "Ops": 103604768.66666667,
    "Ops_rsd": 1.9907624148930614,
    "Ops_std": 2062524.794652903,
    "Run time": 20.0,
    "Run time_rsd": 0.0,
    "Run time_std": 0,
    "TPS": 1726642.3333333333,
    "TPS_rsd": 1.9907379692262483,
    "TPS_std": 34372.92452240071,
    "cmd_get": 93243910.66666667,
    "cmd_get_rsd": 1.9907645927485649,
    "cmd_get_std": 1856266.7584461023,
    "cmd_set": 10360858.0,
    "cmd_set_rsd": 1.9907428156681826,
    "cmd_set_std": 206258.03627658213,
    "concurrency": 840.0,
    "concurrency_rsd": 0.0,
    "concurrency_std": 0,
    "get proportion": 0.9,
    "get proportion_rsd": 0.0,
    "get proportion_std": 0,
    "get_misses": 0.3333333333333333,
    "get_misses_rsd": 141.4213562373095,
    "get_misses_std": 0.4714045207910317,
    "object_bytes": 1326189824.0,
    "object_bytes_rsd": 1.9907428156681826,
    "object_bytes_std": 26401028.643402513,
    "read_bytes": 13882872475.0,
    "read_bytes_rsd": 1.990785959703691,
    "read_bytes_std": 276378276.0358683,
    "run time": 60.0,
    "run time_rsd": 0.0,
    "run time_std": 0,
    "set proportion": 0.10000000000000002,
    "set proportion_rsd": 0.0,
    "set proportion_std": 0,
    "threads count": 28.0,
    "threads count_rsd": 0.0,
    "threads count_std": 0,
    "total": 3,
    "written_bytes": 8008611800.666667,
    "written_bytes_rsd": 1.9907717645700367,
    "written_bytes_std": 159433182.461696
}
