{
    "Net_rate": 380.3333333333333,
    "Net_rate_rsd": 1.289207768480462,
    "Net_rate_std": 4.903286879454023,
    "Ops": 113230568.33333333,
    "Ops_rsd": 1.3193132349051533,
    "Ops_std": 1493865.8739799901,
    "Run time": 20.0,
    "Run time_rsd": 0.0,
    "Run time_std": 0,
    "TPS": 1887060.3333333333,
    "TPS_rsd": 1.3192902149577805,
    "TPS_std": 24895.802328016343,
    "cmd_get": 101907099.66666667,
    "cmd_get_rsd": 1.319311938071771,
    "cmd_get_std": 1344472.5316450314,
    "cmd_set": 11323468.666666666,
    "cmd_set_rsd": 1.3193249125022006,
    "cmd_set_std": 149393.3430787141,
    "concurrency": 960.0,
    "concurrency_rsd": 0.0,
    "concurrency_std": 0,
    "get proportion": 0.9,
    "get proportion_rsd": 0.0,
    "get proportion_std": 0,
    "get_misses": 1.0,
    "get_misses_rsd": 0.0,
    "get_misses_std": 0,
    "object_bytes": 1449403989.3333333,
    "object_bytes_rsd": 1.3193249125022006,
    "object_bytes_std": 19122347.914075404,
    "read_bytes": 15172715217.0,
    "read_bytes_rsd": 1.319317027540383,
    "read_bytes_std": 200176215.39809176,
    "run time": 60.0,
    "run time_rsd": 0.0,
    "run time_std": 0,
    "set proportion": 0.10000000000000002,
    "set proportion_rsd": 0.0,
    "set proportion_std": 0,
    "threads count": 32.0,
    "threads count_rsd": 0.0,
    "threads count_std": 0,
    "total": 3,
    "written_bytes": 8752681807.0,
    "written_bytes_rsd": 1.3193055937295877,
    "written_bytes_std": 115474620.68110295
}
