{
    "Net_rate": 436.7666666666667,
    "Net_rate_rsd": 0.47045821590220677,
    "Net_rate_std": 2.0548046676555387,
    "Ops": 130063567.33333333,
    "Ops_rsd": 0.4742684454892039,
    "Ops_std": 616850.4589396039,
    "Run time": 20.0,
    "Run time_rsd": 0.0,
    "Run time_std": 0,
    "TPS": 2167573.0,
    "TPS_rsd": 0.4743334960179373,
    "TPS_std": 10281.524789640884,
    "cmd_get": 117056724.0,
    "cmd_get_rsd": 0.47427223607623303,
    "cmd_get_std": 555167.5423923845,
    "cmd_set": 13006843.333333334,
    "cmd_set_rsd": 0.47423433177657176,
    "cmd_set_std": 61682.91656705891,
    "concurrency": 1080.0,
    "concurrency_rsd": 0.0,
    "concurrency_std": 0,
    "get proportion": 0.9,
    "get proportion_rsd": 0.0,
    "get proportion_std": 0,
    "get_misses": 0.3333333333333333,
    "get_misses_rsd": 141.4213562373095,
    "get_misses_std": 0.4714045207910317,
    "object_bytes": 1664875946.6666667,
    "object_bytes_rsd": 0.47423433177657176,
    "object_bytes_std": 7895413.32058354,
    "read_bytes": 17428305457.666668,
    "read_bytes_rsd": 0.4742752641132312,
    "read_bytes_std": 82658141.73980927,
    "run time": 60.0,
    "run time_rsd": 0.0,
    "run time_std": 0,
    "set proportion": 0.10000000000000002,
    "set proportion_rsd": 0.0,
    "set proportion_std": 0,
    "threads count": 36.0,
    "threads count_rsd": 0.0,
    "threads count_std": 0,
    "total": 3,
    "written_bytes": 10053865622.333334,
    "written_bytes_rsd": 0.474269743995596,
    "written_bytes_std": 47682442.74870154
}
