{
    "Net_rate": 459.73333333333335,
    "Net_rate_rsd": 2.7728895222129726,
    "Net_rate_std": 12.747897430120439,
    "Ops": 136873295.66666666,
    "Ops_rsd": 2.7734606457121354,
    "Ops_std": 3796126.9898042134,
    "Run time": 20.0,
    "Run time_rsd": 0.0,
    "Run time_std": 0,
    "TPS": 2281064.6666666665,
    "TPS_rsd": 2.773173798266102,
    "TPS_std": 63257.88765750599,
    "cmd_get": 123185437.66666667,
    "cmd_get_rsd": 2.7734625883826847,
    "cmd_get_std": 3416502.0280204723,
    "cmd_set": 13687858.0,
    "cmd_set_rsd": 2.77344316265185,
    "cmd_set_std": 379624.9618144943,
    "concurrency": 1200.0,
    "concurrency_rsd": 0.0,
    "concurrency_std": 0,
    "get proportion": 0.9,
    "get proportion_rsd": 0.0,
    "get proportion_std": 0,
    "get_misses": 0.0,
    "get_misses_rsd": 0,
    "get_misses_std": 0,
    "object_bytes": 1752045824.0,
    "object_bytes_rsd": 2.77344316265185,
    "object_bytes_std": 48591995.11225527,
    "read_bytes": 18340789378.666668,
    "read_bytes_rsd": 2.77346362730516,
    "read_bytes_std": 508675122.3779681,
    "run time": 60.0,
    "run time_rsd": 0.0,
    "run time_std": 0,
    "set proportion": 0.10000000000000002,
    "set proportion_rsd": 0.0,
    "set proportion_std": 0,
    "threads count": 40.0,
    "threads count_rsd": 0.0,
    "threads count_std": 0,
    "total": 3,
    "written_bytes": 10580253189.666666,
    "written_bytes_rsd": 2.7734650080162546,
    "written_bytes_std": 293439619.9749286
}
