{
    "Net_rate": 501.5333333333333,
    "Net_rate_rsd": 0.5836633896091772,
    "Net_rate_std": 2.9272664533532264,
    "Ops": 149324825.33333334,
    "Ops_rsd": 0.5760760381316108,
    "Ops_std": 860224.5377272145,
    "Run time": 20.0,
    "Run time_rsd": 0.0,
    "Run time_std": 0,
    "TPS": 2488546.6666666665,
    "TPS_rsd": 0.5763924028114464,
    "TPS_std": 14343.793927084154,
    "cmd_get": 134391749.66666666,
    "cmd_get_rsd": 0.5760787781527036,
    "cmd_get_std": 774202.3494177733,
    "cmd_set": 14933075.666666666,
    "cmd_set_rsd": 0.5760513800172434,
    "cmd_set_std": 86022.18845685251,
    "concurrency": 1320.0,
    "concurrency_rsd": 0.0,
    "concurrency_std": 0,
    "get proportion": 0.9,
    "get proportion_rsd": 0.0,
    "get proportion_std": 0,
    "get_misses": 0.3333333333333333,
    "get_misses_rsd": 141.4213562373095,
    "get_misses_std": 0.4714045207910317,
    "object_bytes": 1911433685.3333333,
    "object_bytes_rsd": 0.5760513800172434,
    "object_bytes_std": 11010840.122477122,
    "read_bytes": 20009266955.0,
    "read_bytes_rsd": 0.5760879828221513,
    "read_bytes_std": 115270982.37855881,
    "run time": 60.0,
    "run time_rsd": 0.0,
    "run time_std": 0,
    "set proportion": 0.10000000000000002,
    "set proportion_rsd": 0.0,
    "set proportion_std": 0,
    "threads count": 44.0,
    "threads count_rsd": 0.0,
    "threads count_std": 0,
    "total": 3,
    "written_bytes": 11542750090.666666,
    "written_bytes_rsd": 0.5760752423065933,
    "written_bytes_std": 66494925.553652525
}
