{
    "Net_rate": 520.8333333333334,
    "Net_rate_rsd": 0.922710442122344,
    "Net_rate_std": 4.805783552720542,
    "Ops": 155098604.33333334,
    "Ops_rsd": 0.9172474471950331,
    "Ops_std": 1422637.988882625,
    "Run time": 20.0,
    "Run time_rsd": 0.0,
    "Run time_std": 0,
    "TPS": 2584730.6666666665,
    "TPS_rsd": 0.9148804188853552,
    "TPS_std": 23647.194750258233,
    "cmd_get": 139588088.33333334,
    "cmd_get_rsd": 0.9172604996864555,
    "cmd_get_std": 1280386.3965491042,
    "cmd_set": 15510516.0,
    "cmd_set_rsd": 0.9171299808006356,
    "cmd_set_std": 142251.59241287952,
    "concurrency": 1440.0,
    "concurrency_rsd": 0.0,
    "concurrency_std": 0,
    "get proportion": 0.9,
    "get proportion_rsd": 0.0,
    "get proportion_std": 0,
    "get_misses": 0.0,
    "get_misses_rsd": 0,
    "get_misses_std": 0,
    "object_bytes": 1985346048.0,
    "object_bytes_rsd": 0.9171299808006356,
    "object_bytes_std": 18208203.828848578,
    "read_bytes": 20782928661.333332,
    "read_bytes_rsd": 0.9172721790731062,
    "read_bytes_std": 190636022.6070214,
    "run time": 60.0,
    "run time_rsd": 0.0,
    "run time_std": 0,
    "set proportion": 0.10000000000000002,
    "set proportion_rsd": 0.0,
    "set proportion_std": 0,
    "threads count": 48.0,
    "threads count_rsd": 0.0,
    "threads count_std": 0,
    "total": 3,
    "written_bytes": 11989058440.333334,
    "written_bytes_rsd": 0.9172413061495646,
    "written_bytes_std": 109968596.23314808
}
