{
    "Net_rate": 561.8666666666667,
    "Net_rate_rsd": 0.2331144127267701,
    "Net_rate_std": 1.309792180307479,
    "Ops": 167327292.33333334,
    "Ops_rsd": 0.2716490422703627,
    "Ops_std": 454542.98708043003,
    "Run time": 20.0,
    "Run time_rsd": 0.0,
    "Run time_std": 0,
    "TPS": 2788515.6666666665,
    "TPS_rsd": 0.27311282335515713,
    "TPS_std": 7615.793866934216,
    "cmd_get": 150593815.33333334,
    "cmd_get_rsd": 0.2716492285593325,
    "cmd_get_std": 409086.93761106575,
    "cmd_set": 16733477.0,
    "cmd_set_rsd": 0.2716473668897535,
    "cmd_set_std": 45456.04965960252,
    "concurrency": 1680.0,
    "concurrency_rsd": 0.0,
    "concurrency_std": 0,
    "get proportion": 0.9,
    "get proportion_rsd": 0.0,
    "get proportion_std": 0,
    "get_misses": 0.6666666666666666,
    "get_misses_rsd": 70.71067811865476,
    "get_misses_std": 0.4714045207910317,
    "object_bytes": 2141885056.0,
    "object_bytes_rsd": 0.2716473668897535,
    "object_bytes_std": 5818374.356429122,
    "read_bytes": 22421526756.666668,
    "read_bytes_rsd": 0.27164868777656825,
    "read_bytes_std": 60907783.213957146,
    "run time": 60.0,
    "run time_rsd": 0.0,
    "run time_std": 0,
    "set proportion": 0.10000000000000002,
    "set proportion_rsd": 0.0,
    "set proportion_std": 0,
    "threads count": 56.0,
    "threads count_rsd": 0.0,
    "threads count_std": 0,
    "total": 3,
    "written_bytes": 12934324688.0,
    "written_bytes_rsd": 0.27165478619228456,
    "written_bytes_std": 35136712.07660227
}
