{
    "Net_rate": 70.7,
    "Net_rate_rsd": 4.045360578804907,
    "Net_rate_std": 2.860069929215069,
    "Ops": 21051899.666666668,
    "Ops_rsd": 3.9976460431066405,
    "Ops_std": 841580.43402328,
    "Run time": 20.0,
    "Run time_rsd": 0.0,
    "Run time_std": 0,
    "TPS": 350844.0,
    "TPS_rsd": 3.9976219249635965,
    "TPS_std": 14025.416666419282,
    "cmd_get": 18946656.333333332,
    "cmd_get_rsd": 3.9976603732906337,
    "cmd_get_std": 757422.9723012268,
    "cmd_set": 2105243.3333333335,
    "cmd_set_rsd": 3.997517076039689,
    "cmd_set_std": 84157.46174218715,
    "concurrency": 120.0,
    "concurrency_rsd": 0.0,
    "concurrency_std": 0,
    "get proportion": 0.9,
    "get proportion_rsd": 0.0,
    "get proportion_std": 0,
    "get_misses": 0.0,
    "get_misses_rsd": 0,
    "get_misses_std": 0,
    "object_bytes": 269471146.6666667,
    "object_bytes_rsd": 3.997517076039689,
    "object_bytes_std": 10772155.102999955,
    "read_bytes": 2820931004.0,
    "read_bytes_rsd": 3.99768282340201,
    "read_bytes_std": 112771874.20692988,
    "run time": 60.0,
    "run time_rsd": 0.0,
    "run time_std": 0,
    "set proportion": 0.10000000000000002,
    "set proportion_rsd": 0.0,
    "set proportion_std": 0,
    "threads count": 4.0,
    "threads count_rsd": 0.0,
    "threads count_std": 0,
    "total": 3,
    "written_bytes": 1627306464.0,
    "written_bytes_rsd": 3.9976561826342496,
    "written_bytes_std": 65054117.46850279
}
