{
    "Net_rate": 562.8333333333334,
    "Net_rate_rsd": 0.29457696453384746,
    "Net_rate_std": 1.6579773487180047,
    "Ops": 167588525.66666666,
    "Ops_rsd": 0.3027011526359503,
    "Ops_std": 507292.39887859544,
    "Run time": 20.0,
    "Run time_rsd": 0.0,
    "Run time_std": 0,
    "TPS": 2792899.3333333335,
    "TPS_rsd": 0.30298992471401337,
    "TPS_std": 8462.203587404849,
    "cmd_get": 150828934.33333334,
    "cmd_get_rsd": 0.30270344822674955,
    "cmd_get_std": 456564.3851506598,
    "cmd_set": 16759591.333333334,
    "cmd_set_rsd": 0.3026804964715125,
    "cmd_set_std": 50728.01425432992,
    "concurrency": 1680.0,
    "concurrency_rsd": 0.0,
    "concurrency_std": 0,
    "get proportion": 0.9,
    "get proportion_rsd": 0.0,
    "get proportion_std": 0,
    "get_misses": 0.0,
    "get_misses_rsd": 0,
    "get_misses_std": 0,
    "object_bytes": 2145227690.6666667,
    "object_bytes_rsd": 0.3026804964715125,
    "object_bytes_std": 6493185.82455423,
    "read_bytes": 22456533425.333332,
    "read_bytes_rsd": 0.3027069977370258,
    "read_bytes_std": 67977498.1276382,
    "run time": 60.0,
    "run time_rsd": 0.0,
    "run time_std": 0,
    "set proportion": 0.10000000000000002,
    "set proportion_rsd": 0.0,
    "set proportion_std": 0,
    "threads count": 56.0,
    "threads count_rsd": 0.0,
    "threads count_std": 0,
    "total": 3,
    "written_bytes": 12954517343.333334,
    "written_bytes_rsd": 0.3027016466353017,
    "written_bytes_std": 39213537.31192574
}
