{
    "Net_rate": 124.0,
    "Net_rate_rsd": 2.803700295168412,
    "Net_rate_std": 3.476588366008831,
    "Ops": 36918437.0,
    "Ops_rsd": 2.7746125254830645,
    "Ops_std": 1024343.5772145741,
    "Run time": 20.0,
    "Run time_rsd": 0.0,
    "Run time_std": 0,
    "TPS": 615270.3333333334,
    "TPS_rsd": 2.7744575184869373,
    "TPS_std": 17070.41402218631,
    "cmd_get": 33226487.666666668,
    "cmd_get_rsd": 2.774615732688573,
    "cmd_get_std": 921907.3542191618,
    "cmd_set": 3691949.3333333335,
    "cmd_set_rsd": 2.7745836619021205,
    "cmd_set_std": 102436.22300837093,
    "concurrency": 240.0,
    "concurrency_rsd": 0.0,
    "concurrency_std": 0,
    "get proportion": 0.9,
    "get proportion_rsd": 0.0,
    "get proportion_std": 0,
    "get_misses": 0.3333333333333333,
    "get_misses_rsd": 141.4213562373095,
    "get_misses_std": 0.4714045207910317,
    "object_bytes": 472569514.6666667,
    "object_bytes_rsd": 2.7745836619021205,
    "object_bytes_std": 13111836.545071479,
    "read_bytes": 4947023421.666667,
    "read_bytes_rsd": 2.774625844025571,
    "read_bytes_std": 137261390.36756146,
    "run time": 60.0,
    "run time_rsd": 0.0,
    "run time_std": 0,
    "set proportion": 0.10000000000000002,
    "set proportion_rsd": 0.0,
    "set proportion_std": 0,
    "threads count": 8.0,
    "threads count_rsd": 0.0,
    "threads count_std": 0,
    "total": 3,
    "written_bytes": 2853784412.3333335,
    "written_bytes_rsd": 2.774633674810687,
    "written_bytes_std": 79182063.31109893
}
