{
    "Net_rate": 172.79999999999998,
    "Net_rate_rsd": 3.382323888010182,
    "Net_rate_std": 5.844655678481593,
    "Ops": 51448862.666666664,
    "Ops_rsd": 3.387833938131352,
    "Ops_std": 1743002.0302039238,
    "Run time": 20.0,
    "Run time_rsd": 0.0,
    "Run time_std": 0,
    "TPS": 857428.3333333334,
    "TPS_rsd": 3.3877220421284706,
    "TPS_std": 29047.288643788113,
    "cmd_get": 46303816.0,
    "cmd_get_rsd": 3.3878521729113964,
    "cmd_get_std": 1568704.836496895,
    "cmd_set": 5145046.666666667,
    "cmd_set_rsd": 3.387669830948583,
    "cmd_set_std": 174297.19371489238,
    "concurrency": 360.0,
    "concurrency_rsd": 0.0,
    "concurrency_std": 0,
    "get proportion": 0.9,
    "get proportion_rsd": 0.0,
    "get proportion_std": 0,
    "get_misses": 0.0,
    "get_misses_rsd": 0,
    "get_misses_std": 0,
    "object_bytes": 658565973.3333334,
    "object_bytes_rsd": 3.387669830948583,
    "object_bytes_std": 22310040.795506224,
    "read_bytes": 6894077228.0,
    "read_bytes_rsd": 3.387872029643785,
    "read_bytes_std": 233562514.1094536,
    "run time": 60.0,
    "run time_rsd": 0.0,
    "run time_std": 0,
    "set proportion": 0.10000000000000002,
    "set proportion_rsd": 0.0,
    "set proportion_std": 0,
    "threads count": 12.0,
    "threads count_rsd": 0.0,
    "threads count_std": 0,
    "total": 3,
    "written_bytes": 3976980795.0,
    "written_bytes_rsd": 3.387844640490335,
    "written_bytes_std": 134733930.7167374
}
