{
    "Net_rate": 222.13333333333333,
    "Net_rate_rsd": 2.095581653703452,
    "Net_rate_std": 4.654985380093268,
    "Ops": 66148950.0,
    "Ops_rsd": 2.10442526645318,
    "Ops_std": 1392055.2172934809,
    "Run time": 20.0,
    "Run time_rsd": 0.0,
    "Run time_std": 0,
    "TPS": 1102417.0,
    "TPS_rsd": 2.104406299261535,
    "TPS_std": 23199.332792130037,
    "cmd_get": 59533836.333333336,
    "cmd_get_rsd": 2.1044469496847067,
    "cmd_get_std": 1252858.002747119,
    "cmd_set": 6615113.666666667,
    "cmd_set_rsd": 2.1042301245413633,
    "cmd_set_std": 139197.21454665274,
    "concurrency": 480.0,
    "concurrency_rsd": 0.0,
    "concurrency_std": 0,
    "get proportion": 0.9,
    "get proportion_rsd": 0.0,
    "get proportion_std": 0,
    "get_misses": 0.6666666666666666,
    "get_misses_rsd": 70.71067811865476,
    "get_misses_std": 0.4714045207910317,
    "object_bytes": 846734549.3333334,
    "object_bytes_rsd": 2.1042301245413633,
    "object_bytes_std": 17817243.46197155,
    "read_bytes": 8863864738.0,
    "read_bytes_rsd": 2.1044523885822186,
    "read_bytes_std": 186535813.199538,
    "run time": 60.0,
    "run time_rsd": 0.0,
    "run time_std": 0,
    "set proportion": 0.10000000000000002,
    "set proportion_rsd": 0.0,
    "set proportion_std": 0,
    "threads count": 16.0,
    "threads count_rsd": 0.0,
    "threads count_std": 0,
    "total": 3,
    "written_bytes": 5113292450.333333,
    "written_bytes_rsd": 2.104429162097491,
    "written_bytes_std": 107605617.46814403
}
