{
    "Net_rate": 122.5,
    "Net_rate_rsd": 14.892683811125323,
    "Net_rate_std": 18.24353766862852,
    "Ops": 36483047.333333336,
    "Ops_rsd": 14.964813386783765,
    "Ops_std": 5459619.951245325,
    "Run time": 20.0,
    "Run time_rsd": 0.0,
    "Run time_std": 0,
    "TPS": 608013.6666666666,
    "TPS_rsd": 14.964804897809604,
    "TPS_std": 90988.05896868509,
    "cmd_get": 32834474.666666668,
    "cmd_get_rsd": 14.964933844510128,
    "cmd_get_std": 4913657.412059104,
    "cmd_set": 3648572.6666666665,
    "cmd_set_rsd": 14.963729355710429,
    "cmd_set_std": 545962.5391864268,
    "concurrency": 600.0,
    "concurrency_rsd": 0.0,
    "concurrency_std": 0,
    "get proportion": 0.9,
    "get proportion_rsd": 0.0,
    "get proportion_std": 0,
    "get_misses": 0.0,
    "get_misses_rsd": 0,
    "get_misses_std": 0,
    "object_bytes": 467017301.3333333,
    "object_bytes_rsd": 14.963729355710429,
    "object_bytes_std": 69883205.01586263,
    "read_bytes": 4888609732.0,
    "read_bytes_rsd": 14.965181035562408,
    "read_bytes_std": 731589296.5159223,
    "run time": 60.0,
    "run time_rsd": 0.0,
    "run time_std": 0,
    "set proportion": 0.10000000000000002,
    "set proportion_rsd": 0.0,
    "set proportion_std": 0,
    "threads count": 20.0,
    "threads count_rsd": 0.0,
    "threads count_std": 0,
    "total": 3,
    "written_bytes": 2820113103.0,
    "written_bytes_rsd": 14.964949649654457,
    "written_bytes_std": 422028505.92725796
}
