{
    "Net_rate": 122.7,
    "Net_rate_rsd": 8.353078739343712,
    "Net_rate_std": 10.249227613174734,
    "Ops": 36540333.333333336,
    "Ops_rsd": 8.290897061809327,
    "Ops_std": 3029521.422708668,
    "Run time": 20.0,
    "Run time_rsd": 0.0,
    "Run time_std": 0,
    "TPS": 608968.3333333334,
    "TPS_rsd": 8.29076281192642,
    "TPS_std": 50488.12011640813,
    "cmd_get": 32885966.0,
    "cmd_get_rsd": 8.290976817646683,
    "cmd_get_std": 2726567.8173191706,
    "cmd_set": 3654367.3333333335,
    "cmd_set_rsd": 8.29017933471476,
    "cmd_set_std": 302953.6054825668,
    "concurrency": 720.0,
    "concurrency_rsd": 0.0,
    "concurrency_std": 0,
    "get proportion": 0.9,
    "get proportion_rsd": 0.0,
    "get proportion_std": 0,
    "get_misses": 0.3333333333333333,
    "get_misses_rsd": 141.4213562373095,
    "get_misses_std": 0.4714045207910317,
    "object_bytes": 467759018.6666667,
    "object_bytes_rsd": 8.29017933471476,
    "object_bytes_std": 38778061.50176855,
    "read_bytes": 4896261752.333333,
    "read_bytes_rsd": 8.29113878227215,
    "read_bytes_std": 405955857.0292669,
    "run time": 60.0,
    "run time_rsd": 0.0,
    "run time_std": 0,
    "set proportion": 0.10000000000000002,
    "set proportion_rsd": 0.0,
    "set proportion_std": 0,
    "threads count": 24.0,
    "threads count_rsd": 0.0,
    "threads count_std": 0,
    "total": 3,
    "written_bytes": 2824536298.0,
    "written_bytes_rsd": 8.290990121835286,
    "written_bytes_std": 234182025.45483208
}
