{
    "Net_rate": 88.83333333333333,
    "Net_rate_rsd": 37.4325728750681,
    "Net_rate_std": 33.25260223735216,
    "Ops": 26441151.333333332,
    "Ops_rsd": 37.43001458154647,
    "Ops_std": 9896926.799595436,
    "Run time": 20.0,
    "Run time_rsd": 0.0,
    "Run time_std": 0,
    "TPS": 440658.3333333333,
    "TPS_rsd": 37.430020114979875,
    "TPS_std": 164938.50280500174,
    "cmd_get": 23796657.666666668,
    "cmd_get_rsd": 37.430623815244736,
    "cmd_get_std": 8907237.411811596,
    "cmd_set": 2644493.6666666665,
    "cmd_set_rsd": 37.424532350376495,
    "cmd_set_std": 989689.3877853241,
    "concurrency": 840.0,
    "concurrency_rsd": 0.0,
    "concurrency_std": 0,
    "get proportion": 0.9,
    "get proportion_rsd": 0.0,
    "get proportion_std": 0,
    "get_misses": 0.6666666666666666,
    "get_misses_rsd": 141.4213562373095,
    "get_misses_std": 0.9428090415820634,
    "object_bytes": 338495189.3333333,
    "object_bytes_rsd": 37.424532350376495,
    "object_bytes_std": 126680241.63652149,
    "read_bytes": 3542948068.6666665,
    "read_bytes_rsd": 37.431771078018556,
    "read_bytes_std": 1326188210.4763863,
    "run time": 60.0,
    "run time_rsd": 0.0,
    "run time_std": 0,
    "set proportion": 0.10000000000000002,
    "set proportion_rsd": 0.0,
    "set proportion_std": 0,
    "threads count": 28.0,
    "threads count_rsd": 0.0,
    "threads count_std": 0,
    "total": 3,
    "written_bytes": 2043863991.0,
    "written_bytes_rsd": 37.43069337922969,
    "written_bytes_std": 765032463.5596966
}
