{
    "Net_rate": 121.56666666666666,
    "Net_rate_rsd": 14.782348045327264,
    "Net_rate_std": 17.970407773769512,
    "Ops": 36211189.333333336,
    "Ops_rsd": 14.725482242627933,
    "Ops_std": 5332272.255124381,
    "Run time": 20.0,
    "Run time_rsd": 0.0,
    "Run time_std": 0,
    "TPS": 603479.0,
    "TPS_rsd": 14.725477074423468,
    "TPS_std": 88865.16179396,
    "cmd_get": 32589635.0,
    "cmd_get_rsd": 14.725685296201524,
    "cmd_get_std": 4799047.089280746,
    "cmd_set": 3621554.3333333335,
    "cmd_set_rsd": 14.723655004601099,
    "cmd_set_std": 533225.1658441813,
    "concurrency": 960.0,
    "concurrency_rsd": 0.0,
    "concurrency_std": 0,
    "get proportion": 0.9,
    "get proportion_rsd": 0.0,
    "get proportion_std": 0,
    "get_misses": 0.0,
    "get_misses_rsd": 0,
    "get_misses_std": 0,
    "object_bytes": 463558954.6666667,
    "object_bytes_rsd": 14.723655004601099,
    "object_bytes_std": 68252821.22805521,
    "read_bytes": 4852110381.333333,
    "read_bytes_rsd": 14.726052641402248,
    "read_bytes_std": 714524328.97409,
    "run time": 60.0,
    "run time_rsd": 0.0,
    "run time_std": 0,
    "set proportion": 0.10000000000000002,
    "set proportion_rsd": 0.0,
    "set proportion_std": 0,
    "threads count": 32.0,
    "threads count_rsd": 0.0,
    "threads count_std": 0,
    "total": 3,
    "written_bytes": 2799082195.3333335,
    "written_bytes_rsd": 14.725709945132454,
    "written_bytes_std": 412184725.2106325
}
