{
    "Net_rate": 181.83333333333334,
    "Net_rate_rsd": 30.247690469501944,
    "Net_rate_std": 55.00038383704437,
    "Ops": 54135074.666666664,
    "Ops_rsd": 30.231551588973527,
    "Ops_std": 16365873.025582671,
    "Run time": 20.0,
    "Run time_rsd": 0.0,
    "Run time_std": 0,
    "TPS": 902192.0,
    "TPS_rsd": 30.23158258725846,
    "TPS_std": 272746.91957563884,
    "cmd_get": 48721066.666666664,
    "cmd_get_rsd": 30.23183644541609,
    "cmd_get_std": 14729273.189128801,
    "cmd_set": 5414008.0,
    "cmd_set_rsd": 30.228988144682273,
    "cmd_set_std": 1636599.83647215,
    "concurrency": 1080.0,
    "concurrency_rsd": 0.0,
    "concurrency_std": 0,
    "get proportion": 0.9,
    "get proportion_rsd": 0.0,
    "get proportion_std": 0,
    "get_misses": 0.0,
    "get_misses_rsd": 0,
    "get_misses_std": 0,
    "object_bytes": 692993024.0,
    "object_bytes_rsd": 30.228988144682273,
    "object_bytes_std": 209484779.0684352,
    "read_bytes": 7253885350.666667,
    "read_bytes_rsd": 30.232437999519373,
    "read_bytes_std": 2193026391.1965184,
    "run time": 60.0,
    "run time_rsd": 0.0,
    "run time_std": 0,
    "set proportion": 0.10000000000000002,
    "set proportion_rsd": 0.0,
    "set proportion_std": 0,
    "threads count": 36.0,
    "threads count_rsd": 0.0,
    "threads count_std": 0,
    "total": 3,
    "written_bytes": 4184595302.3333335,
    "written_bytes_rsd": 30.231891861930944,
    "written_bytes_std": 1265082326.6608555
}
