{
    "Net_rate": 227.43333333333337,
    "Net_rate_rsd": 33.699525058105316,
    "Net_rate_std": 76.64395315715088,
    "Ops": 67713034.66666667,
    "Ops_rsd": 33.677439035764586,
    "Ops_std": 22804015.969132807,
    "Run time": 20.0,
    "Run time_rsd": 0.0,
    "Run time_std": 0,
    "TPS": 1128469.3333333333,
    "TPS_rsd": 33.67694033396095,
    "TPS_std": 380033.9440737135,
    "cmd_get": 60941192.0,
    "cmd_get_rsd": 33.6777561112463,
    "cmd_get_std": 20523626.013046343,
    "cmd_set": 6771842.666666667,
    "cmd_set_rsd": 33.674585609121856,
    "cmd_set_std": 2280389.956101707,
    "concurrency": 1200.0,
    "concurrency_rsd": 0.0,
    "concurrency_std": 0,
    "get proportion": 0.9,
    "get proportion_rsd": 0.0,
    "get proportion_std": 0,
    "get_misses": 0.0,
    "get_misses_rsd": 0,
    "get_misses_std": 0,
    "object_bytes": 866795861.3333334,
    "object_bytes_rsd": 33.674585609121856,
    "object_bytes_std": 291889914.3810185,
    "read_bytes": 9073310030.666666,
    "read_bytes_rsd": 33.67831386790153,
    "read_bytes_std": 3055737830.3357124,
    "run time": 60.0,
    "run time_rsd": 0.0,
    "run time_std": 0,
    "set proportion": 0.10000000000000002,
    "set proportion_rsd": 0.0,
    "set proportion_std": 0,
    "threads count": 40.0,
    "threads count_rsd": 0.0,
    "threads count_std": 0,
    "total": 3,
    "written_bytes": 5234165877.0,
    "written_bytes_rsd": 33.67775677445064,
    "written_bytes_std": 1762749653.2273514
}
