{
    "Net_rate": 64.76666666666667,
    "Net_rate_rsd": 6.6234397414282515,
    "Net_rate_std": 4.289781139198364,
    "Ops": 19278380.0,
    "Ops_rsd": 6.579560953116475,
    "Ops_std": 1268432.762873416,
    "Run time": 20.0,
    "Run time_rsd": 0.0,
    "Run time_std": 0,
    "TPS": 321287.3333333333,
    "TPS_rsd": 6.579583002384513,
    "TPS_std": 21139.366772814472,
    "cmd_get": 17350488.666666668,
    "cmd_get_rsd": 6.579575751693037,
    "cmd_get_std": 1141588.5451122485,
    "cmd_set": 1927891.3333333333,
    "cmd_set_rsd": 6.579427770044556,
    "cmd_set_std": 126844.21776161558,
    "concurrency": 120.0,
    "concurrency_rsd": 0.0,
    "concurrency_std": 0,
    "get proportion": 0.9,
    "get proportion_rsd": 0.0,
    "get proportion_std": 0,
    "get_misses": 0.0,
    "get_misses_rsd": 0,
    "get_misses_std": 0,
    "object_bytes": 246770090.66666666,
    "object_bytes_rsd": 6.579427770044556,
    "object_bytes_std": 16236059.873486795,
    "read_bytes": 2583279140.0,
    "read_bytes_rsd": 6.5796061990558545,
    "read_bytes_std": 169969594.43435675,
    "run time": 60.0,
    "run time_rsd": 0.0,
    "run time_std": 0,
    "set proportion": 0.10000000000000002,
    "set proportion_rsd": 0.0,
    "set proportion_std": 0,
    "threads count": 4.0,
    "threads count_rsd": 0.0,
    "threads count_std": 0,
    "total": 3,
    "written_bytes": 1490213513.0,
    "written_bytes_rsd": 6.579598030171158,
    "written_bytes_std": 98050058.9466924
}
