{
    "Net_rate": 115.53333333333335,
    "Net_rate_rsd": 1.3944657788332935,
    "Net_rate_std": 1.611072796478732,
    "Ops": 34391017.666666664,
    "Ops_rsd": 1.4393640766423141,
    "Ops_std": 495011.95388571173,
    "Run time": 20.0,
    "Run time_rsd": 0.0,
    "Run time_std": 0,
    "TPS": 573149.3333333334,
    "TPS_rsd": 1.4394149773876788,
    "TPS_std": 8249.997346797632,
    "cmd_get": 30951807.333333332,
    "cmd_get_rsd": 1.4393745004781093,
    "cmd_get_std": 445512.4221931135,
    "cmd_set": 3439210.3333333335,
    "cmd_set_rsd": 1.439270273957527,
    "cmd_set_std": 49499.53198654224,
    "concurrency": 240.0,
    "concurrency_rsd": 0.0,
    "concurrency_std": 0,
    "get proportion": 0.9,
    "get proportion_rsd": 0.0,
    "get proportion_std": 0,
    "get_misses": 0.0,
    "get_misses_rsd": 0,
    "get_misses_std": 0,
    "object_bytes": 440218922.6666667,
    "object_bytes_rsd": 1.439270273957527,
    "object_bytes_std": 6335940.094277407,
    "read_bytes": 4608349008.0,
    "read_bytes_rsd": 1.4393853968666335,
    "read_bytes_std": 66331902.65780037,
    "run time": 60.0,
    "run time_rsd": 0.0,
    "run time_std": 0,
    "set proportion": 0.10000000000000002,
    "set proportion_rsd": 0.0,
    "set proportion_std": 0,
    "threads count": 8.0,
    "threads count_rsd": 0.0,
    "threads count_std": 0,
    "total": 3,
    "written_bytes": 2658415039.0,
    "written_bytes_rsd": 1.4393639296439684,
    "written_bytes_std": 38264267.17159664
}
