{
    "Net_rate": 142.93333333333334,
    "Net_rate_rsd": 0.4437102982849089,
    "Net_rate_std": 0.6342099196818964,
    "Ops": 42572765.333333336,
    "Ops_rsd": 0.48125691990254915,
    "Ops_std": 204884.3791605402,
    "Run time": 20.0,
    "Run time_rsd": 0.0,
    "Run time_std": 0,
    "TPS": 709502.3333333334,
    "TPS_rsd": 0.48123186529768847,
    "TPS_std": 3414.3513130306237,
    "cmd_get": 38315323.666666664,
    "cmd_get_rsd": 0.481251039435787,
    "cmd_get_std": 184392.89340901942,
    "cmd_set": 4257441.666666667,
    "cmd_set_rsd": 0.4813098501797977,
    "cmd_set_std": 20491.486107325618,
    "concurrency": 360.0,
    "concurrency_rsd": 0.0,
    "concurrency_std": 0,
    "get proportion": 0.9,
    "get proportion_rsd": 0.0,
    "get proportion_std": 0,
    "get_misses": 0.0,
    "get_misses_rsd": 0,
    "get_misses_std": 0,
    "object_bytes": 544952533.3333334,
    "object_bytes_rsd": 0.4813098501797977,
    "object_bytes_std": 2622910.221737679,
    "read_bytes": 5704679802.666667,
    "read_bytes_rsd": 0.4812544114938639,
    "read_bytes_std": 27454023.211932782,
    "run time": 60.0,
    "run time_rsd": 0.0,
    "run time_std": 0,
    "set proportion": 0.10000000000000002,
    "set proportion_rsd": 0.0,
    "set proportion_std": 0,
    "threads count": 12.0,
    "threads count_rsd": 0.0,
    "threads count_std": 0,
    "total": 3,
    "written_bytes": 3290858670.6666665,
    "written_bytes_rsd": 0.4812669353477128,
    "written_bytes_std": 15837814.670941947
}
