{
    "Net_rate": 149.4,
    "Net_rate_rsd": 5.279196989648974,
    "Net_rate_std": 7.8871203025355685,
    "Ops": 44484052.333333336,
    "Ops_rsd": 5.254952291371712,
    "Ops_std": 2337615.7273854916,
    "Run time": 20.0,
    "Run time_rsd": 0.0,
    "Run time_std": 0,
    "TPS": 741356.3333333334,
    "TPS_rsd": 5.2549467264134515,
    "TPS_std": 38957.8803695588,
    "cmd_get": 40035429.666666664,
    "cmd_get_rsd": 5.254994023049305,
    "cmd_get_std": 2103859.436085441,
    "cmd_set": 4448622.666666667,
    "cmd_set_rsd": 5.25457672736915,
    "cmd_set_std": 233756.29133113555,
    "concurrency": 480.0,
    "concurrency_rsd": 0.0,
    "concurrency_std": 0,
    "get proportion": 0.9,
    "get proportion_rsd": 0.0,
    "get proportion_std": 0,
    "get_misses": 0.0,
    "get_misses_rsd": 0,
    "get_misses_std": 0,
    "object_bytes": 569423701.3333334,
    "object_bytes_rsd": 5.25457672736915,
    "object_bytes_std": 29920805.29038535,
    "read_bytes": 5960768112.0,
    "read_bytes_rsd": 5.2550378964971545,
    "read_bytes_std": 313240623.207918,
    "run time": 60.0,
    "run time_rsd": 0.0,
    "run time_std": 0,
    "set proportion": 0.10000000000000002,
    "set proportion_rsd": 0.0,
    "set proportion_std": 0,
    "threads count": 16.0,
    "threads count_rsd": 0.0,
    "threads count_std": 0,
    "total": 3,
    "written_bytes": 3438596087.0,
    "written_bytes_rsd": 5.254982871098678,
    "written_bytes_std": 180697635.37811938
}
