{
    "Net_rate": 278.03333333333336,
    "Net_rate_rsd": 0.4747389970781782,
    "Net_rate_std": 1.3199326582096949,
    "Ops": 82785464.0,
    "Ops_rsd": 0.4727494897653224,
    "Ops_std": 391367.8586598547,
    "Run time": 20.0,
    "Run time_rsd": 0.0,
    "Run time_std": 0,
    "TPS": 1379674.0,
    "TPS_rsd": 0.47280663559413716,
    "TPS_std": 6523.190221567055,
    "cmd_get": 74506648.66666667,
    "cmd_get_rsd": 0.47274729649706326,
    "cmd_get_std": 352228.16728223197,
    "cmd_set": 8278815.333333333,
    "cmd_set_rsd": 0.4727692295613707,
    "cmd_set_std": 39139.69146820862,
    "concurrency": 600.0,
    "concurrency_rsd": 0.0,
    "concurrency_std": 0,
    "get proportion": 0.9,
    "get proportion_rsd": 0.0,
    "get proportion_std": 0,
    "get_misses": 0.0,
    "get_misses_rsd": 0,
    "get_misses_std": 0,
    "object_bytes": 1059688362.6666666,
    "object_bytes_rsd": 0.4727692295613707,
    "object_bytes_std": 5009880.507930703,
    "read_bytes": 11093133845.333334,
    "read_bytes_rsd": 0.47274459468349717,
    "read_bytes_std": 52442190.63481891,
    "run time": 60.0,
    "run time_rsd": 0.0,
    "run time_std": 0,
    "set proportion": 0.10000000000000002,
    "set proportion_rsd": 0.0,
    "set proportion_std": 0,
    "threads count": 20.0,
    "threads count_rsd": 0.0,
    "threads count_std": 0,
    "total": 3,
    "written_bytes": 6399289765.333333,
    "written_bytes_rsd": 0.4727604378072343,
    "written_bytes_std": 30253310.311143406
}
