{
    "Net_rate": 310.6333333333333,
    "Net_rate_rsd": 0.18648081550320075,
    "Net_rate_std": 0.579271573224776,
    "Ops": 92502062.66666667,
    "Ops_rsd": 0.22048448357815123,
    "Ops_std": 203952.69516973782,
    "Run time": 20.0,
    "Run time_rsd": 0.0,
    "Run time_std": 0,
    "TPS": 1541607.0,
    "TPS_rsd": 0.22047966372917907,
    "TPS_std": 3398.9299296254853,
    "cmd_get": 83251532.66666667,
    "cmd_get_rsd": 0.22048357945332137,
    "cmd_get_std": 183555.9591732178,
    "cmd_set": 9250530.0,
    "cmd_set_rsd": 0.2204926207456449,
    "cmd_set_std": 20396.736029862106,
    "concurrency": 720.0,
    "concurrency_rsd": 0.0,
    "concurrency_std": 0,
    "get proportion": 0.9,
    "get proportion_rsd": 0.0,
    "get proportion_std": 0,
    "get_misses": 0.0,
    "get_misses_rsd": 0,
    "get_misses_std": 0,
    "object_bytes": 1184067840.0,
    "object_bytes_rsd": 0.2204926207456449,
    "object_bytes_std": 2610782.2118223496,
    "read_bytes": 12395134921.333334,
    "read_bytes_rsd": 0.220486344741192,
    "read_bytes_std": 27329579.91378689,
    "run time": 60.0,
    "run time_rsd": 0.0,
    "run time_std": 0,
    "set proportion": 0.10000000000000002,
    "set proportion_rsd": 0.0,
    "set proportion_std": 0,
    "threads count": 24.0,
    "threads count_rsd": 0.0,
    "threads count_std": 0,
    "total": 3,
    "written_bytes": 7150377250.333333,
    "written_bytes_rsd": 0.22048606870522172,
    "written_bytes_std": 15765585.696852496
}
