{
    "Net_rate": 345.56666666666666,
    "Net_rate_rsd": 1.005314162297201,
    "Net_rate_std": 3.474030640178361,
    "Ops": 102885740.0,
    "Ops_rsd": 1.0117359007620625,
    "Ops_std": 1040931.9683447137,
    "Run time": 20.0,
    "Run time_rsd": 0.0,
    "Run time_std": 0,
    "TPS": 1714659.3333333333,
    "TPS_rsd": 1.0117207739029286,
    "TPS_std": 17347.564676998794,
    "cmd_get": 92596805.66666667,
    "cmd_get_rsd": 1.0117312228461588,
    "cmd_get_std": 936830.7942878479,
    "cmd_set": 10288934.333333334,
    "cmd_set_rsd": 1.0117780003763004,
    "cmd_set_std": 104101.17405783063,
    "concurrency": 840.0,
    "concurrency_rsd": 0.0,
    "concurrency_std": 0,
    "get proportion": 0.9,
    "get proportion_rsd": 0.0,
    "get proportion_std": 0,
    "get_misses": 0.0,
    "get_misses_rsd": 0,
    "get_misses_std": 0,
    "object_bytes": 1316983594.6666667,
    "object_bytes_rsd": 1.0117780003763004,
    "object_bytes_std": 13324950.279402321,
    "read_bytes": 13786528926.666666,
    "read_bytes_rsd": 1.011715931982001,
    "read_bytes_std": 139480509.6183938,
    "run time": 60.0,
    "run time_rsd": 0.0,
    "run time_std": 0,
    "set proportion": 0.10000000000000002,
    "set proportion_rsd": 0.0,
    "set proportion_std": 0,
    "threads count": 28.0,
    "threads count_rsd": 0.0,
    "threads count_std": 0,
    "total": 3,
    "written_bytes": 7953030571.666667,
    "written_bytes_rsd": 1.0117232401597391,
    "written_bytes_std": 80462658.59056063
}
