{
    "Net_rate": 354.0,
    "Net_rate_rsd": 0.15124650098130363,
    "Net_rate_std": 0.5354126134738149,
    "Ops": 105446301.33333333,
    "Ops_rsd": 0.15169478913788656,
    "Ops_std": 159956.54446130048,
    "Run time": 20.0,
    "Run time_rsd": 0.0,
    "Run time_std": 0,
    "TPS": 1757331.3333333333,
    "TPS_rsd": 0.1516518794581732,
    "TPS_std": 2665.0259953073746,
    "cmd_get": 94901244.0,
    "cmd_get_rsd": 0.15170380034147235,
    "cmd_get_std": 143968.7937193335,
    "cmd_set": 10545057.333333334,
    "cmd_set_rsd": 0.1516136950452992,
    "cmd_set_std": 15987.751067711963,
    "concurrency": 960.0,
    "concurrency_rsd": 0.0,
    "concurrency_std": 0,
    "get proportion": 0.9,
    "get proportion_rsd": 0.0,
    "get proportion_std": 0,
    "get_misses": 0.0,
    "get_misses_rsd": 0,
    "get_misses_std": 0,
    "object_bytes": 1349767338.6666667,
    "object_bytes_rsd": 0.1516136950452992,
    "object_bytes_std": 2046432.1366671312,
    "read_bytes": 14129615557.333334,
    "read_bytes_rsd": 0.15170115680299287,
    "read_bytes_std": 21434790.252290316,
    "run time": 60.0,
    "run time_rsd": 0.0,
    "run time_std": 0,
    "set proportion": 0.10000000000000002,
    "set proportion_rsd": 0.0,
    "set proportion_std": 0,
    "threads count": 32.0,
    "threads count_rsd": 0.0,
    "threads count_std": 0,
    "total": 3,
    "written_bytes": 8150956265.333333,
    "written_bytes_rsd": 0.1516916629607606,
    "written_bytes_std": 12364321.106088437
}
