{
    "Net_rate": 364.5333333333333,
    "Net_rate_rsd": 0.342141311885673,
    "Net_rate_std": 1.2472191289272399,
    "Ops": 108578774.0,
    "Ops_rsd": 0.35782922850258064,
    "Ops_std": 388526.5893217606,
    "Run time": 20.0,
    "Run time_rsd": 0.0,
    "Run time_std": 0,
    "TPS": 1809537.6666666667,
    "TPS_rsd": 0.35782303458795617,
    "TPS_std": 6474.9425908787625,
    "cmd_get": 97720411.66666667,
    "cmd_get_rsd": 0.3578342234127648,
    "cmd_get_std": 349677.0762031735,
    "cmd_set": 10858362.333333334,
    "cmd_set_rsd": 0.3577842788320429,
    "cmd_set_std": 38849.513367286854,
    "concurrency": 1080.0,
    "concurrency_rsd": 0.0,
    "concurrency_std": 0,
    "get proportion": 0.9,
    "get proportion_rsd": 0.0,
    "get proportion_std": 0,
    "get_misses": 0.0,
    "get_misses_rsd": 0,
    "get_misses_std": 0,
    "object_bytes": 1389870378.6666667,
    "object_bytes_rsd": 0.3577842788320429,
    "object_bytes_std": 4972737.711012717,
    "read_bytes": 14549342872.0,
    "read_bytes_rsd": 0.3578366382181192,
    "read_bytes_std": 52062879.41599235,
    "run time": 60.0,
    "run time_rsd": 0.0,
    "run time_std": 0,
    "set proportion": 0.10000000000000002,
    "set proportion_rsd": 0.0,
    "set proportion_std": 0,
    "threads count": 36.0,
    "threads count_rsd": 0.0,
    "threads count_std": 0,
    "total": 3,
    "written_bytes": 8393091268.0,
    "written_bytes_rsd": 0.3578293077202643,
    "written_bytes_std": 30032940.38061435
}
