{
    "Net_rate": 368.8333333333333,
    "Net_rate_rsd": 0.7001588413291768,
    "Net_rate_std": 2.582419193102447,
    "Ops": 109860168.0,
    "Ops_rsd": 0.6620359264229835,
    "Ops_std": 727313.780988646,
    "Run time": 20.0,
    "Run time_rsd": 0.0,
    "Run time_std": 0,
    "TPS": 1830885.3333333333,
    "TPS_rsd": 0.6618255569957965,
    "TPS_std": 12117.267055287679,
    "cmd_get": 98873628.66666667,
    "cmd_get_rsd": 0.6620324094708208,
    "cmd_get_std": 654575.4661931655,
    "cmd_set": 10986539.333333334,
    "cmd_set_rsd": 0.6620675838850507,
    "cmd_set_std": 72738.31551678077,
    "concurrency": 1200.0,
    "concurrency_rsd": 0.0,
    "concurrency_std": 0,
    "get proportion": 0.9,
    "get proportion_rsd": 0.0,
    "get proportion_std": 0,
    "get_misses": 0.0,
    "get_misses_rsd": 0,
    "get_misses_std": 0,
    "object_bytes": 1406277034.6666667,
    "object_bytes_rsd": 0.6620675838850507,
    "object_bytes_std": 9310504.386147939,
    "read_bytes": 14721031750.666666,
    "read_bytes_rsd": 0.6620189238866145,
    "read_bytes_std": 97456015.98077032,
    "run time": 60.0,
    "run time_rsd": 0.0,
    "run time_std": 0,
    "set proportion": 0.10000000000000002,
    "set proportion_rsd": 0.0,
    "set proportion_std": 0,
    "threads count": 40.0,
    "threads count_rsd": 0.0,
    "threads count_std": 0,
    "total": 3,
    "written_bytes": 8492137649.666667,
    "written_bytes_rsd": 0.6620167812130494,
    "written_bytes_std": 56219376.32450478
}
