{
    "Net_rate": 72.3,
    "Net_rate_rsd": 0.6775905235911658,
    "Net_rate_std": 0.48989794855641283,
    "Ops": 21521543.666666668,
    "Ops_rsd": 0.6316759977993166,
    "Ops_std": 135946.4256982323,
    "Run time": 20.0,
    "Run time_rsd": 0.0,
    "Run time_std": 0,
    "TPS": 358670.6666666667,
    "TPS_rsd": 0.6316188598072258,
    "TPS_std": 2265.4315752629755,
    "cmd_get": 19369331.666666668,
    "cmd_get_rsd": 0.6316969082999004,
    "cmd_get_std": 122355.46929668693,
    "cmd_set": 2152212.0,
    "cmd_set_rsd": 0.6314878136085288,
    "cmd_set_std": 13590.956503020388,
    "concurrency": 120.0,
    "concurrency_rsd": 0.0,
    "concurrency_std": 0,
    "get proportion": 0.9,
    "get proportion_rsd": 0.0,
    "get proportion_std": 0,
    "get_misses": 0.0,
    "get_misses_rsd": 0,
    "get_misses_std": 0,
    "object_bytes": 275483136.0,
    "object_bytes_rsd": 0.6314878136085288,
    "object_bytes_std": 1739642.4323866097,
    "read_bytes": 2883862982.6666665,
    "read_bytes_rsd": 0.6316792509940566,
    "read_bytes_std": 18216764.08860366,
    "run time": 60.0,
    "run time_rsd": 0.0,
    "run time_std": 0,
    "set proportion": 0.10000000000000002,
    "set proportion_rsd": 0.0,
    "set proportion_std": 0,
    "threads count": 4.0,
    "threads count_rsd": 0.0,
    "threads count_std": 0,
    "total": 3,
    "written_bytes": 1663610110.6666667,
    "written_bytes_rsd": 0.6316797630102923,
    "written_bytes_std": 10508688.404474461
}
