{
    "Net_rate": 125.03333333333335,
    "Net_rate_rsd": 0.4198351305766417,
    "Net_rate_std": 0.5249338582643277,
    "Ops": 37216222.333333336,
    "Ops_rsd": 0.4464515345359095,
    "Ops_std": 166152.39570346253,
    "Run time": 20.0,
    "Run time_rsd": 0.0,
    "Run time_std": 0,
    "TPS": 620233.3333333334,
    "TPS_rsd": 0.4465043479735996,
    "TPS_std": 2769.3688009149228,
    "cmd_get": 33494494.333333332,
    "cmd_get_rsd": 0.4464527608536866,
    "cmd_get_std": 149537.09468514827,
    "cmd_set": 3721728.0,
    "cmd_set_rsd": 0.4464405029330849,
    "cmd_set_std": 16615.301201001443,
    "concurrency": 240.0,
    "concurrency_rsd": 0.0,
    "concurrency_std": 0,
    "get proportion": 0.9,
    "get proportion_rsd": 0.0,
    "get proportion_std": 0,
    "get_misses": 0.0,
    "get_misses_rsd": 0,
    "get_misses_std": 0,
    "object_bytes": 476381184.0,
    "object_bytes_rsd": 0.4464405029330849,
    "object_bytes_std": 2126758.5537281847,
    "read_bytes": 4986926545.333333,
    "read_bytes_rsd": 0.4464508763823786,
    "read_bytes_std": 22264177.266186144,
    "run time": 60.0,
    "run time_rsd": 0.0,
    "run time_std": 0,
    "set proportion": 0.10000000000000002,
    "set proportion_rsd": 0.0,
    "set proportion_std": 0,
    "threads count": 8.0,
    "threads count_rsd": 0.0,
    "threads count_std": 0,
    "total": 3,
    "written_bytes": 2876803301.3333335,
    "written_bytes_rsd": 0.4464576109492138,
    "written_bytes_std": 12843707.290840913
}
