{
    "Net_rate": 164.16666666666666,
    "Net_rate_rsd": 0.4050748699162932,
    "Net_rate_std": 0.6649979114459147,
    "Ops": 48902581.0,
    "Ops_rsd": 0.40771922772812164,
    "Ops_std": 199385.22559231916,
    "Run time": 20.0,
    "Run time_rsd": 0.0,
    "Run time_std": 0,
    "TPS": 814994.6666666666,
    "TPS_rsd": 0.40776172451538206,
    "TPS_std": 3323.236307508389,
    "cmd_get": 44012166.0,
    "cmd_get_rsd": 0.40772071001688326,
    "cmd_get_std": 179446.7157090093,
    "cmd_set": 4890415.0,
    "cmd_set_rsd": 0.4077058925445273,
    "cmd_set_std": 19938.510124881446,
    "concurrency": 360.0,
    "concurrency_rsd": 0.0,
    "concurrency_std": 0,
    "get proportion": 0.9,
    "get proportion_rsd": 0.0,
    "get proportion_std": 0,
    "get_misses": 0.0,
    "get_misses_rsd": 0,
    "get_misses_std": 0,
    "object_bytes": 625973120.0,
    "object_bytes_rsd": 0.4077058925445273,
    "object_bytes_std": 2552129.295984825,
    "read_bytes": 6552875461.333333,
    "read_bytes_rsd": 0.40772545103626234,
    "read_bytes_std": 26717741.030565888,
    "run time": 60.0,
    "run time_rsd": 0.0,
    "run time_std": 0,
    "set proportion": 0.10000000000000002,
    "set proportion_rsd": 0.0,
    "set proportion_std": 0,
    "threads count": 12.0,
    "threads count_rsd": 0.0,
    "threads count_std": 0,
    "total": 3,
    "written_bytes": 3780153234.3333335,
    "written_bytes_rsd": 0.40771931704597886,
    "written_bytes_std": 15412414.950315347
}
