{
    "Net_rate": 217.86666666666665,
    "Net_rate_rsd": 0.48767984854827484,
    "Net_rate_std": 1.0624918300371746,
    "Ops": 64880034.666666664,
    "Ops_rsd": 0.4842352606650586,
    "Ops_std": 314172.0049877137,
    "Run time": 20.0,
    "Run time_rsd": 0.0,
    "Run time_std": 0,
    "TPS": 1081269.6666666667,
    "TPS_rsd": 0.48426136699709016,
    "TPS_std": 5236.17126872488,
    "cmd_get": 58391821.0,
    "cmd_get_rsd": 0.48423581235253305,
    "cmd_get_std": 282754.108766787,
    "cmd_set": 6488213.666666667,
    "cmd_set_rsd": 0.48423029564030434,
    "cmd_set_std": 31417.89621987463,
    "concurrency": 480.0,
    "concurrency_rsd": 0.0,
    "concurrency_std": 0,
    "get proportion": 0.9,
    "get proportion_rsd": 0.0,
    "get proportion_std": 0,
    "get_misses": 0.0,
    "get_misses_rsd": 0,
    "get_misses_std": 0,
    "object_bytes": 830491349.3333334,
    "object_bytes_rsd": 0.48423029564030434,
    "object_bytes_std": 4021490.7161439527,
    "read_bytes": 8693830010.666666,
    "read_bytes_rsd": 0.484238054771596,
    "read_bytes_std": 42098833.3288015,
    "run time": 60.0,
    "run time_rsd": 0.0,
    "run time_std": 0,
    "set proportion": 0.10000000000000002,
    "set proportion_rsd": 0.0,
    "set proportion_std": 0,
    "threads count": 16.0,
    "threads count_rsd": 0.0,
    "threads count_std": 0,
    "total": 3,
    "written_bytes": 5015205382.666667,
    "written_bytes_rsd": 0.4842395558474909,
    "written_bytes_std": 24285608.269864522
}
