{
    "Net_rate": 182.33333333333334,
    "Net_rate_rsd": 1.2420685741471542,
    "Net_rate_std": 2.264705033528311,
    "Ops": 54302509.666666664,
    "Ops_rsd": 1.2296768398548203,
    "Ops_std": 667745.3848309249,
    "Run time": 20.0,
    "Run time_rsd": 0.0,
    "Run time_std": 0,
    "TPS": 904987.6666666666,
    "TPS_rsd": 1.2297508842886635,
    "TPS_std": 11129.093833536675,
    "cmd_get": 48871935.333333336,
    "cmd_get_rsd": 1.2296846003875128,
    "cmd_get_std": 600970.6627053437,
    "cmd_set": 5430574.333333333,
    "cmd_set_rsd": 1.2296070007772544,
    "cmd_set_std": 66774.72218507937,
    "concurrency": 720.0,
    "concurrency_rsd": 0.0,
    "concurrency_std": 0,
    "get proportion": 0.9,
    "get proportion_rsd": 0.0,
    "get proportion_std": 0,
    "get_misses": 0.0,
    "get_misses_rsd": 0,
    "get_misses_std": 0,
    "object_bytes": 695113514.6666666,
    "object_bytes_rsd": 1.2296070007772544,
    "object_bytes_std": 8547164.43969016,
    "read_bytes": 7276394124.0,
    "read_bytes_rsd": 1.229696517777456,
    "read_bytes_std": 89477565.16259141,
    "run time": 60.0,
    "run time_rsd": 0.0,
    "run time_std": 0,
    "set proportion": 0.10000000000000002,
    "set proportion_rsd": 0.0,
    "set proportion_std": 0,
    "threads count": 12.0,
    "threads count_rsd": 0.0,
    "threads count_std": 0,
    "total": 3,
    "written_bytes": 4197552166.0,
    "written_bytes_rsd": 1.2296900952939185,
    "written_bytes_std": 51616883.23009734
}
