{
    "Net_rate": 52.23333333333333,
    "Net_rate_rsd": 5.9160069865104825,
    "Net_rate_std": 3.090127649287308,
    "Ops": 15540754.333333334,
    "Ops_rsd": 6.084174361257968,
    "Ops_std": 945526.5906947535,
    "Run time": 20.0,
    "Run time_rsd": 0.0,
    "Run time_std": 0,
    "TPS": 258998.0,
    "TPS_rsd": 6.0841227534220454,
    "TPS_std": 15757.756248908028,
    "cmd_get": 13986360.666666666,
    "cmd_get_rsd": 6.084272905125584,
    "cmd_get_std": 850968.352455142,
    "cmd_set": 1554393.6666666667,
    "cmd_set_rsd": 6.083287685404759,
    "cmd_set_std": 94558.23850704484,
    "concurrency": 720.0,
    "concurrency_rsd": 0.0,
    "concurrency_std": 0,
    "get proportion": 0.9,
    "get proportion_rsd": 0.0,
    "get proportion_std": 0,
    "get_misses": 0.0,
    "get_misses_rsd": 0,
    "get_misses_std": 0,
    "object_bytes": 198962389.33333334,
    "object_bytes_rsd": 6.083287685404759,
    "object_bytes_std": 12103454.528901739,
    "read_bytes": 2082319441.3333333,
    "read_bytes_rsd": 6.084628728427487,
    "read_bytes_std": 126701406.94499874,
    "run time": 60.0,
    "run time_rsd": 0.0,
    "run time_std": 0,
    "set proportion": 0.10000000000000002,
    "set proportion_rsd": 0.0,
    "set proportion_std": 0,
    "threads count": 12.0,
    "threads count_rsd": 0.0,
    "threads count_std": 0,
    "total": 3,
    "written_bytes": 1201268201.3333333,
    "written_bytes_rsd": 6.084300358806101,
    "written_bytes_std": 73088765.48394759
}
