{
    "Net_rate": 93.60000000000001,
    "Net_rate_rsd": 1.528437587882984,
    "Net_rate_std": 1.430617582258473,
    "Ops": 27855429.333333332,
    "Ops_rsd": 1.6261429220756098,
    "Ops_std": 452969.0925177732,
    "Run time": 20.0,
    "Run time_rsd": 0.0,
    "Run time_std": 0,
    "TPS": 464230.0,
    "TPS_rsd": 1.6260905234672445,
    "TPS_std": 7548.800037091988,
    "cmd_get": 25069561.666666668,
    "cmd_get_rsd": 1.626137631367371,
    "cmd_get_std": 407665.57628051576,
    "cmd_set": 2785867.6666666665,
    "cmd_set_rsd": 1.6261905373390229,
    "cmd_set_std": 45303.51637812077,
    "concurrency": 720.0,
    "concurrency_rsd": 0.0,
    "concurrency_std": 0,
    "get proportion": 0.9,
    "get proportion_rsd": 0.0,
    "get proportion_std": 0,
    "get_misses": 0.0,
    "get_misses_rsd": 0,
    "get_misses_std": 0,
    "object_bytes": 356591061.3333333,
    "object_bytes_rsd": 1.6261905373390229,
    "object_bytes_std": 5798850.096399458,
    "read_bytes": 3732485868.0,
    "read_bytes_rsd": 1.6261879691980445,
    "read_bytes_std": 60697236.13743321,
    "run time": 60.0,
    "run time_rsd": 0.0,
    "run time_std": 0,
    "set proportion": 0.10000000000000002,
    "set proportion_rsd": 0.0,
    "set proportion_std": 0,
    "threads count": 12.0,
    "threads count_rsd": 0.0,
    "threads count_std": 0,
    "total": 3,
    "written_bytes": 2153192591.0,
    "written_bytes_rsd": 1.626182231084422,
    "written_bytes_std": 35014835.31586827
}
