{
    "Net_rate": 179.16666666666666,
    "Net_rate_rsd": 1.6863656474235025,
    "Net_rate_std": 3.0214051183004416,
    "Ops": 53340940.666666664,
    "Ops_rsd": 1.6510213232928832,
    "Ops_std": 880670.3044516717,
    "Run time": 20.0,
    "Run time_rsd": 0.0,
    "Run time_std": 0,
    "TPS": 888962.3333333334,
    "TPS_rsd": 1.6509358069715683,
    "TPS_std": 14676.19747148995,
    "cmd_get": 48006526.0,
    "cmd_get_rsd": 1.6510288325688394,
    "cmd_get_std": 792601.5857746564,
    "cmd_set": 5334414.666666667,
    "cmd_set_rsd": 1.6509537447629417,
    "cmd_set_std": 88068.71870051694,
    "concurrency": 720.0,
    "concurrency_rsd": 0.0,
    "concurrency_std": 0,
    "get proportion": 0.9,
    "get proportion_rsd": 0.0,
    "get proportion_std": 0,
    "get_misses": 0.0,
    "get_misses_rsd": 0,
    "get_misses_std": 0,
    "object_bytes": 682805077.3333334,
    "object_bytes_rsd": 1.6509537447629417,
    "object_bytes_std": 11272795.993666168,
    "read_bytes": 7147544452.0,
    "read_bytes_rsd": 1.6510528219813814,
    "read_bytes_std": 118009734.37711966,
    "run time": 60.0,
    "run time_rsd": 0.0,
    "run time_std": 0,
    "set proportion": 0.10000000000000002,
    "set proportion_rsd": 0.0,
    "set proportion_std": 0,
    "threads count": 12.0,
    "threads count_rsd": 0.0,
    "threads count_std": 0,
    "total": 3,
    "written_bytes": 4123222583.0,
    "written_bytes_rsd": 1.6510352819013936,
    "written_bytes_std": 68075859.59665596
}
