{
    "Net_rate": 529.8666666666667,
    "Net_rate_rsd": 5.458724512303256,
    "Net_rate_std": 28.92396161585752,
    "Ops": 157835762.0,
    "Ops_rsd": 5.495550451120068,
    "Ops_std": 8673943.930619797,
    "Run time": 20.0,
    "Run time_rsd": 0.0,
    "Run time_std": 0,
    "TPS": 2629885.0,
    "TPS_rsd": 5.491702431293513,
    "TPS_std": 144425.4584852234,
    "cmd_get": 142050778.0,
    "cmd_get_rsd": 5.4956123994670065,
    "cmd_get_std": 7806560.16930735,
    "cmd_set": 15784984.0,
    "cmd_set_rsd": 5.494992971327704,
    "cmd_set_std": 867383.7613252028,
    "concurrency": 3120.0,
    "concurrency_rsd": 0.0,
    "concurrency_std": 0,
    "get proportion": 0.9,
    "get proportion_rsd": 0.0,
    "get proportion_std": 0,
    "get_misses": 0.0,
    "get_misses_rsd": 0,
    "get_misses_std": 0,
    "object_bytes": 2020477952.0,
    "object_bytes_rsd": 5.494992971327704,
    "object_bytes_std": 111025121.44962595,
    "read_bytes": 21149376469.333332,
    "read_bytes_rsd": 5.495716511327652,
    "read_bytes_std": 1162309774.6679971,
    "run time": 60.0,
    "run time_rsd": 0.0,
    "run time_std": 0,
    "set proportion": 0.10000000000000002,
    "set proportion_rsd": 0.0,
    "set proportion_std": 0,
    "threads count": 52.0,
    "threads count_rsd": 0.0,
    "threads count_std": 0,
    "total": 3,
    "written_bytes": 12200568954.0,
    "written_bytes_rsd": 5.495590367441172,
    "written_bytes_std": 670493292.2090421
}
