{
    "Net_rate": 426.7,
    "Net_rate_rsd": 0.09567571841753603,
    "Net_rate_std": 0.4082482904876262,
    "Ops": 127078578.66666667,
    "Ops_rsd": 0.08465315076963222,
    "Ops_std": 107576.02079459901,
    "Run time": 20.0,
    "Run time_rsd": 0.0,
    "Run time_std": 0,
    "TPS": 2117850.0,
    "TPS_rsd": 0.08461382352841935,
    "TPS_std": 1791.9938615966294,
    "cmd_get": 114370395.0,
    "cmd_get_rsd": 0.08465489878706893,
    "cmd_get_std": 96820.14212962094,
    "cmd_set": 12708183.666666666,
    "cmd_set_rsd": 0.08463742602947188,
    "cmd_set_std": 10755.879550564427,
    "concurrency": 720.0,
    "concurrency_rsd": 0.0,
    "concurrency_std": 0,
    "get proportion": 0.9,
    "get proportion_rsd": 0.0,
    "get proportion_std": 0,
    "get_misses": 0.0,
    "get_misses_rsd": 0,
    "get_misses_std": 0,
    "object_bytes": 1626647509.3333333,
    "object_bytes_rsd": 0.08463742602947188,
    "object_bytes_std": 1376752.5824722466,
    "read_bytes": 17028388009.333334,
    "read_bytes_rsd": 0.08465569568548648,
    "read_bytes_std": 14415500.333325097,
    "run time": 60.0,
    "run time_rsd": 0.0,
    "run time_std": 0,
    "set proportion": 0.10000000000000002,
    "set proportion_rsd": 0.0,
    "set proportion_std": 0,
    "threads count": 12.0,
    "threads count_rsd": 0.0,
    "threads count_std": 0,
    "total": 3,
    "written_bytes": 9823141966.333334,
    "written_bytes_rsd": 0.0846517636109963,
    "written_bytes_std": 8315462.916513067
}
