{
    "Net_rate": 569.8666666666667,
    "Net_rate_rsd": 0.1791459151956867,
    "Net_rate_std": 1.0208928553951533,
    "Ops": 169670447.0,
    "Ops_rsd": 0.17883876934798323,
    "Ops_std": 303436.53936202213,
    "Run time": 20.0,
    "Run time_rsd": 0.0,
    "Run time_std": 0,
    "TPS": 2827662.3333333335,
    "TPS_rsd": 0.17889363630434296,
    "TPS_std": 5058.507970508232,
    "cmd_get": 152701982.66666666,
    "cmd_get_rsd": 0.1788397762861123,
    "cmd_get_std": 273091.88418552466,
    "cmd_set": 16968464.333333332,
    "cmd_set_rsd": 0.17882970812057655,
    "cmd_set_std": 30344.655239844134,
    "concurrency": 3120.0,
    "concurrency_rsd": 0.0,
    "concurrency_std": 0,
    "get proportion": 0.9,
    "get proportion_rsd": 0.0,
    "get proportion_std": 0,
    "get_misses": 0.0,
    "get_misses_rsd": 0,
    "get_misses_std": 0,
    "object_bytes": 2171963434.6666665,
    "object_bytes_rsd": 0.17882970812057655,
    "object_bytes_std": 3884115.870700049,
    "read_bytes": 22735224329.333332,
    "read_bytes_rsd": 0.17883225104590048,
    "read_bytes_std": 40657913.44848203,
    "run time": 60.0,
    "run time_rsd": 0.0,
    "run time_std": 0,
    "set proportion": 0.10000000000000002,
    "set proportion_rsd": 0.0,
    "set proportion_std": 0,
    "threads count": 52.0,
    "threads count_rsd": 0.0,
    "threads count_std": 0,
    "total": 3,
    "written_bytes": 13115387353.333334,
    "written_bytes_rsd": 0.1788509223740157,
    "written_bytes_std": 23456991.254361674
}
