{
    "Net_rate": 578.6333333333333,
    "Net_rate_rsd": 4.294925792035776,
    "Net_rate_std": 24.85187227464968,
    "Ops": 172291498.33333334,
    "Ops_rsd": 4.291296512185007,
    "Ops_std": 7393539.058769623,
    "Run time": 20.0,
    "Run time_rsd": 0.0,
    "Run time_std": 0,
    "TPS": 2870919.3333333335,
    "TPS_rsd": 4.279260969028465,
    "TPS_std": 122854.13048362556,
    "cmd_get": 155060922.0,
    "cmd_get_rsd": 4.291336292951283,
    "cmd_get_std": 6654185.621970881,
    "cmd_set": 17230576.333333332,
    "cmd_set_rsd": 4.29093851825721,
    "cmd_set_std": 739353.4368047108,
    "concurrency": 3120.0,
    "concurrency_rsd": 0.0,
    "concurrency_std": 0,
    "get proportion": 0.9,
    "get proportion_rsd": 0.0,
    "get proportion_std": 0,
    "get_misses": 0.0,
    "get_misses_rsd": 0,
    "get_misses_std": 0,
    "object_bytes": 2205513770.6666665,
    "object_bytes_rsd": 4.29093851825721,
    "object_bytes_std": 94637239.91100298,
    "read_bytes": 23086444109.333332,
    "read_bytes_rsd": 4.291418784786866,
    "read_bytes_std": 990735999.2472514,
    "run time": 60.0,
    "run time_rsd": 0.0,
    "run time_std": 0,
    "set proportion": 0.10000000000000002,
    "set proportion_rsd": 0.0,
    "set proportion_std": 0,
    "threads count": 52.0,
    "threads count_rsd": 0.0,
    "threads count_std": 0,
    "total": 3,
    "written_bytes": 13318000729.333334,
    "written_bytes_rsd": 4.291349756445339,
    "written_bytes_std": 571521991.8616345
}
