{
    "Net_rate": 648.1,
    "Net_rate_rsd": 2.6186008322628407,
    "Net_rate_std": 16.97115199389547,
    "Ops": 193072317.66666666,
    "Ops_rsd": 2.6268682615897885,
    "Ops_std": 5071755.43470148,
    "Run time": 20.0,
    "Run time_rsd": 0.0,
    "Run time_std": 0,
    "TPS": 3217044.3333333335,
    "TPS_rsd": 2.6225466273769866,
    "TPS_std": 84368.4876650558,
    "cmd_get": 173763686.0,
    "cmd_get_rsd": 2.6268828858461917,
    "cmd_get_std": 4564568.529349515,
    "cmd_set": 19308631.666666668,
    "cmd_set_rsd": 2.6267366538900143,
    "cmd_set_std": 507186.90535294777,
    "concurrency": 3120.0,
    "concurrency_rsd": 0.0,
    "concurrency_std": 0,
    "get proportion": 0.9,
    "get proportion_rsd": 0.0,
    "get proportion_std": 0,
    "get_misses": 0.0,
    "get_misses_rsd": 0,
    "get_misses_std": 0,
    "object_bytes": 2471504853.3333335,
    "object_bytes_rsd": 2.6267366538900143,
    "object_bytes_std": 64919923.885177314,
    "read_bytes": 25871074774.666668,
    "read_bytes_rsd": 2.6269351122362012,
    "read_bytes_std": 679616347.1686014,
    "run time": 60.0,
    "run time_rsd": 0.0,
    "run time_std": 0,
    "set proportion": 0.10000000000000002,
    "set proportion_rsd": 0.0,
    "set proportion_std": 0,
    "threads count": 52.0,
    "threads count_rsd": 0.0,
    "threads count_std": 0,
    "total": 3,
    "written_bytes": 14924359543.0,
    "written_bytes_rsd": 2.6269130691819673,
    "written_bytes_std": 392049951.3267731
}
