{
    "Net_rate": 660.6333333333333,
    "Net_rate_rsd": 2.720627988930567,
    "Net_rate_std": 17.973375370871636,
    "Ops": 196744050.0,
    "Ops_rsd": 2.722430439003699,
    "Ops_std": 5356219.904128657,
    "Run time": 20.0,
    "Run time_rsd": 0.0,
    "Run time_std": 0,
    "TPS": 3278855.3333333335,
    "TPS_rsd": 2.7224749260220036,
    "TPS_std": 89266.01431053519,
    "cmd_get": 177068236.66666666,
    "cmd_get_rsd": 2.722447201832308,
    "cmd_get_std": 4820589.254465475,
    "cmd_set": 19675813.333333332,
    "cmd_set_rsd": 2.722279586308173,
    "cmd_set_std": 535630.6498134349,
    "concurrency": 3120.0,
    "concurrency_rsd": 0.0,
    "concurrency_std": 0,
    "get proportion": 0.9,
    "get proportion_rsd": 0.0,
    "get proportion_std": 0,
    "get_misses": 0.0,
    "get_misses_rsd": 0,
    "get_misses_std": 0,
    "object_bytes": 2518504106.6666665,
    "object_bytes_rsd": 2.722279586308173,
    "object_bytes_std": 68560723.17611967,
    "read_bytes": 26363088806.666668,
    "read_bytes_rsd": 2.7224942755571524,
    "read_bytes_std": 717733583.6215484,
    "run time": 60.0,
    "run time_rsd": 0.0,
    "run time_std": 0,
    "set proportion": 0.10000000000000002,
    "set proportion_rsd": 0.0,
    "set proportion_std": 0,
    "threads count": 52.0,
    "threads count_rsd": 0.0,
    "threads count_std": 0,
    "total": 3,
    "written_bytes": 15208175991.666666,
    "written_bytes_rsd": 2.7224549353323626,
    "written_bytes_std": 414035737.85916066
}
