{
    "Net_rate": 689.8333333333334,
    "Net_rate_rsd": 1.428810861310169,
    "Net_rate_std": 9.85641359160465,
    "Ops": 205429817.33333334,
    "Ops_rsd": 1.429807739179939,
    "Ops_std": 2937251.4268152122,
    "Run time": 20.0,
    "Run time_rsd": 0.0,
    "Run time_std": 0,
    "TPS": 3423602.6666666665,
    "TPS_rsd": 1.429839705613569,
    "TPS_std": 48952.030290444956,
    "cmd_get": 184885434.33333334,
    "cmd_get_rsd": 1.429824465134319,
    "cmd_get_std": 2643537.172567846,
    "cmd_set": 20544383.0,
    "cmd_set_rsd": 1.429657218528388,
    "cmd_set_std": 293714.25456161896,
    "concurrency": 3120.0,
    "concurrency_rsd": 0.0,
    "concurrency_std": 0,
    "get proportion": 0.9,
    "get proportion_rsd": 0.0,
    "get proportion_std": 0,
    "get_misses": 0.0,
    "get_misses_rsd": 0,
    "get_misses_std": 0,
    "object_bytes": 2629681024.0,
    "object_bytes_rsd": 1.429657218528388,
    "object_bytes_std": 37595424.58388723,
    "read_bytes": 27526981872.0,
    "read_bytes_rsd": 1.429835184892901,
    "read_bytes_std": 393590472.1449465,
    "run time": 60.0,
    "run time_rsd": 0.0,
    "run time_std": 0,
    "set proportion": 0.10000000000000002,
    "set proportion_rsd": 0.0,
    "set proportion_std": 0,
    "threads count": 52.0,
    "threads count_rsd": 0.0,
    "threads count_std": 0,
    "total": 3,
    "written_bytes": 15879585680.0,
    "written_bytes_rsd": 1.4298242757443136,
    "written_bytes_std": 227050170.94025773
}
