{
    "Net_rate": 697.2000000000002,
    "Net_rate_rsd": 2.8015931744509057,
    "Net_rate_std": 19.532707612271718,
    "Ops": 207695375.33333334,
    "Ops_rsd": 2.7988961553542264,
    "Ops_std": 5813177.875053197,
    "Run time": 20.0,
    "Run time_rsd": 0.0,
    "Run time_std": 0,
    "TPS": 3460167.6666666665,
    "TPS_rsd": 2.7893066354495497,
    "TPS_std": 96514.68632401318,
    "cmd_get": 186924435.33333334,
    "cmd_get_rsd": 2.798916311278801,
    "cmd_get_std": 5231858.510310462,
    "cmd_set": 20770940.0,
    "cmd_set_rsd": 2.798714765707843,
    "cmd_set_std": 581319.3647563166,
    "concurrency": 3120.0,
    "concurrency_rsd": 0.0,
    "concurrency_std": 0,
    "get proportion": 0.9,
    "get proportion_rsd": 0.0,
    "get proportion_std": 0,
    "get_misses": 0.0,
    "get_misses_rsd": 0,
    "get_misses_std": 0,
    "object_bytes": 2658680320.0,
    "object_bytes_rsd": 2.798714765707843,
    "object_bytes_std": 74408878.68880853,
    "read_bytes": 27830566149.333332,
    "read_bytes_rsd": 2.7989615473334433,
    "read_bytes_std": 778966844.9250377,
    "run time": 60.0,
    "run time_rsd": 0.0,
    "run time_std": 0,
    "set proportion": 0.10000000000000002,
    "set proportion_rsd": 0.0,
    "set proportion_std": 0,
    "threads count": 52.0,
    "threads count_rsd": 0.0,
    "threads count_std": 0,
    "total": 3,
    "written_bytes": 16054720903.666666,
    "written_bytes_rsd": 2.798925276651737,
    "written_bytes_std": 449359641.46861655
}
