{
    "Net_rate": 815.9,
    "Net_rate_rsd": 1.0660018656694645,
    "Net_rate_std": 8.69750922199716,
    "Ops": 245474776.0,
    "Ops_rsd": 1.1854351047089888,
    "Ops_std": 2909944.167909756,
    "Run time": 20.0,
    "Run time_rsd": 0.0,
    "Run time_std": 0,
    "TPS": 4049397.3333333335,
    "TPS_rsd": 1.0708725906489545,
    "TPS_std": 43363.88612913634,
    "cmd_get": 220925895.0,
    "cmd_get_rsd": 1.185439440590502,
    "cmd_get_std": 2618942.69380756,
    "cmd_set": 24548881.0,
    "cmd_set_rsd": 1.185396084890826,
    "cmd_set_std": 291001.47425850783,
    "concurrency": 3120.0,
    "concurrency_rsd": 0.0,
    "concurrency_std": 0,
    "get proportion": 0.9,
    "get proportion_rsd": 0.0,
    "get proportion_std": 0,
    "get_misses": 0.0,
    "get_misses_rsd": 0,
    "get_misses_std": 0,
    "object_bytes": 3142256768.0,
    "object_bytes_rsd": 1.185396084890826,
    "object_bytes_std": 37248188.705089,
    "read_bytes": 32893004914.666668,
    "read_bytes_rsd": 1.1854537462295702,
    "read_bytes_std": 389931359.00839263,
    "run time": 60.0,
    "run time_rsd": 0.0,
    "run time_std": 0,
    "set proportion": 0.10000000000000002,
    "set proportion_rsd": 0.0,
    "set proportion_std": 0,
    "threads count": 52.0,
    "threads count_rsd": 0.0,
    "threads count_std": 0,
    "total": 3,
    "written_bytes": 18975067268.666668,
    "written_bytes_rsd": 1.185450307240292,
    "written_bytes_std": 224939993.2354611
}
