{
    "Net_rate": 778.9,
    "Net_rate_rsd": 0.499222547061123,
    "Net_rate_std": 3.8884444190590868,
    "Ops": 231934177.33333334,
    "Ops_rsd": 0.5048342757599961,
    "Ops_std": 1170883.2243806382,
    "Run time": 20.0,
    "Run time_rsd": 0.0,
    "Run time_std": 0,
    "TPS": 3865308.6666666665,
    "TPS_rsd": 0.5048563698001927,
    "TPS_std": 19514.25701610556,
    "cmd_get": 208739360.33333334,
    "cmd_get_rsd": 0.5048394574719105,
    "cmd_get_std": 1053798.6542371365,
    "cmd_set": 23194817.0,
    "cmd_set_rsd": 0.5047876436685652,
    "cmd_set_std": 117084.5701875358,
    "concurrency": 3120.0,
    "concurrency_rsd": 0.0,
    "concurrency_std": 0,
    "get proportion": 0.9,
    "get proportion_rsd": 0.0,
    "get proportion_std": 0,
    "get_misses": 0.0,
    "get_misses_rsd": 0,
    "get_misses_std": 0,
    "object_bytes": 2968936576.0,
    "object_bytes_rsd": 0.5047876436685652,
    "object_bytes_std": 14986824.984004583,
    "read_bytes": 31078565785.333332,
    "read_bytes_rsd": 0.5048457205385087,
    "read_bytes_std": 156898809.37200052,
    "run time": 60.0,
    "run time_rsd": 0.0,
    "run time_std": 0,
    "set proportion": 0.10000000000000002,
    "set proportion_rsd": 0.0,
    "set proportion_std": 0,
    "threads count": 52.0,
    "threads count_rsd": 0.0,
    "threads count_std": 0,
    "total": 3,
    "written_bytes": 17928372878.333332,
    "written_bytes_rsd": 0.5048368605978206,
    "written_bytes_std": 90509034.79524912
}
