{
    "Net_rate": 858.4666666666667,
    "Net_rate_rsd": 1.921486278020533,
    "Net_rate_std": 16.49531920138027,
    "Ops": 255618273.66666666,
    "Ops_rsd": 1.9175520429219943,
    "Ops_std": 4901613.4287771005,
    "Run time": 20.0,
    "Run time_rsd": 0.0,
    "Run time_std": 0,
    "TPS": 4260012.0,
    "TPS_rsd": 1.9174788925820592,
    "TPS_std": 81684.83092146282,
    "cmd_get": 230055045.0,
    "cmd_get_rsd": 1.9175675864891626,
    "cmd_get_std": 4411460.974003057,
    "cmd_set": 25563228.666666668,
    "cmd_set_rsd": 1.9174121594730924,
    "cmd_set_std": 490152.4548085779,
    "concurrency": 3120.0,
    "concurrency_rsd": 0.0,
    "concurrency_std": 0,
    "get proportion": 0.9,
    "get proportion_rsd": 0.0,
    "get proportion_std": 0,
    "get_misses": 0.0,
    "get_misses_rsd": 0,
    "get_misses_std": 0,
    "object_bytes": 3272093269.3333335,
    "object_bytes_rsd": 1.9174121594730924,
    "object_bytes_std": 62739514.21549797,
    "read_bytes": 34252233382.666668,
    "read_bytes_rsd": 1.9175885508317156,
    "read_bytes_std": 656816905.7501749,
    "run time": 60.0,
    "run time_rsd": 0.0,
    "run time_std": 0,
    "set proportion": 0.10000000000000002,
    "set proportion_rsd": 0.0,
    "set proportion_std": 0,
    "threads count": 52.0,
    "threads count_rsd": 0.0,
    "threads count_std": 0,
    "total": 3,
    "written_bytes": 19759154208.666668,
    "written_bytes_rsd": 1.9175636050113343,
    "written_bytes_std": 378894349.76345736
}
