{
    "Net_rate": 891.7666666666668,
    "Net_rate_rsd": 3.57262939034395,
    "Net_rate_std": 31.859518026623903,
    "Ops": 268735642.3333333,
    "Ops_rsd": 3.4455236932777633,
    "Ops_std": 9259350.228877187,
    "Run time": 20.0,
    "Run time_rsd": 0.0,
    "Run time_std": 0,
    "TPS": 4426457.666666667,
    "TPS_rsd": 3.566791166771503,
    "TPS_std": 157882.50105554666,
    "cmd_get": 241860675.0,
    "cmd_get_rsd": 3.445543368043564,
    "cmd_get_std": 8333414.447367897,
    "cmd_set": 26874967.333333332,
    "cmd_set_rsd": 3.4453466306555005,
    "cmd_set_std": 925935.7815087665,
    "concurrency": 3120.0,
    "concurrency_rsd": 0.0,
    "concurrency_std": 0,
    "get proportion": 0.9,
    "get proportion_rsd": 0.0,
    "get proportion_std": 0,
    "get_misses": 0.0,
    "get_misses_rsd": 0,
    "get_misses_std": 0,
    "object_bytes": 3439995818.6666665,
    "object_bytes_rsd": 3.4453466306555005,
    "object_bytes_std": 118519780.0331221,
    "read_bytes": 36009960718.666664,
    "read_bytes_rsd": 3.4455815660503877,
    "read_bytes_std": 1240752568.4643643,
    "run time": 60.0,
    "run time_rsd": 0.0,
    "run time_std": 0,
    "set proportion": 0.10000000000000002,
    "set proportion_rsd": 0.0,
    "set proportion_std": 0,
    "threads count": 52.0,
    "threads count_rsd": 0.0,
    "threads count_std": 0,
    "total": 3,
    "written_bytes": 20773127965.666668,
    "written_bytes_rsd": 3.445539911210614,
    "written_bytes_std": 715746414.8638985
}
