{
    "Net_rate": 949.6999999999999,
    "Net_rate_rsd": 0.46806593178821904,
    "Net_rate_std": 4.445222154192716,
    "Ops": 282761868.3333333,
    "Ops_rsd": 0.47472961724101487,
    "Ops_std": 1342354.3352423755,
    "Run time": 20.0,
    "Run time_rsd": 0.0,
    "Run time_std": 0,
    "TPS": 4712367.666666667,
    "TPS_rsd": 0.47471861296082857,
    "TPS_std": 22370.48642481456,
    "cmd_get": 254484277.66666666,
    "cmd_get_rsd": 0.47473351777113104,
    "cmd_get_std": 1208122.1635414194,
    "cmd_set": 28277590.666666668,
    "cmd_set_rsd": 0.4746945155022698,
    "cmd_set_std": 134232.17201084842,
    "concurrency": 3120.0,
    "concurrency_rsd": 0.0,
    "concurrency_std": 0,
    "get proportion": 0.9,
    "get proportion_rsd": 0.0,
    "get proportion_std": 0,
    "get_misses": 0.0,
    "get_misses_rsd": 0,
    "get_misses_std": 0,
    "object_bytes": 3619531605.3333335,
    "object_bytes_rsd": 0.4746945155022698,
    "object_bytes_std": 17181718.017388597,
    "read_bytes": 37889476860.0,
    "read_bytes_rsd": 0.4747366288845808,
    "read_bytes_std": 179875225.1471673,
    "run time": 60.0,
    "run time_rsd": 0.0,
    "run time_std": 0,
    "set proportion": 0.10000000000000002,
    "set proportion_rsd": 0.0,
    "set proportion_std": 0,
    "threads count": 52.0,
    "threads count_rsd": 0.0,
    "threads count_std": 0,
    "total": 3,
    "written_bytes": 21857353142.0,
    "written_bytes_rsd": 0.4747332525437131,
    "written_bytes_std": 103764123.49098207
}
