{
    "Net_rate": 972.1999999999999,
    "Net_rate_rsd": 0.5604348083724968,
    "Net_rate_std": 5.4485472069974135,
    "Ops": 289476839.3333333,
    "Ops_rsd": 0.5576273602146987,
    "Ops_std": 1614202.0576074112,
    "Run time": 20.0,
    "Run time_rsd": 0.0,
    "Run time_std": 0,
    "TPS": 4824270.666666667,
    "TPS_rsd": 0.557644807044061,
    "TPS_std": 26902.294850416572,
    "cmd_get": 260527743.66666666,
    "cmd_get_rsd": 0.5576393142082218,
    "cmd_get_std": 1452805.123104954,
    "cmd_set": 28949095.666666668,
    "cmd_set_rsd": 0.5575197803455055,
    "cmd_set_std": 161396.93457281028,
    "concurrency": 3120.0,
    "concurrency_rsd": 0.0,
    "concurrency_std": 0,
    "get proportion": 0.9,
    "get proportion_rsd": 0.0,
    "get proportion_std": 0,
    "get_misses": 0.0,
    "get_misses_rsd": 0,
    "get_misses_std": 0,
    "object_bytes": 3705484245.3333335,
    "object_bytes_rsd": 0.5575197803455055,
    "object_bytes_std": 20658807.625319716,
    "read_bytes": 38789281588.0,
    "read_bytes_rsd": 0.557640436117489,
    "read_bytes_std": 216304719.0141641,
    "run time": 60.0,
    "run time_rsd": 0.0,
    "run time_std": 0,
    "set proportion": 0.10000000000000002,
    "set proportion_rsd": 0.0,
    "set proportion_std": 0,
    "threads count": 52.0,
    "threads count_rsd": 0.0,
    "threads count_std": 0,
    "total": 3,
    "written_bytes": 22376421123.0,
    "written_bytes_rsd": 0.5576269838112025,
    "written_bytes_std": 124776962.19307768
}
