{
    "Net_rate": 816.9333333333334,
    "Net_rate_rsd": 2.2066768072871636,
    "Net_rate_std": 18.027078397664603,
    "Ops": 81090646.0,
    "Ops_rsd": 2.1998469676176065,
    "Ops_std": 1783870.117052528,
    "Run time": 20.0,
    "Run time_rsd": 0.0,
    "Run time_std": 0,
    "TPS": 4054075.3333333335,
    "TPS_rsd": 2.1995320793931854,
    "TPS_std": 89170.68747943288,
    "cmd_get": 72980500.33333333,
    "cmd_get_rsd": 2.199861773068922,
    "cmd_get_std": 1605470.1286274372,
    "cmd_set": 8110145.666666667,
    "cmd_set_rsd": 2.199713739309716,
    "cmd_set_std": 178399.98850769826,
    "concurrency": 2400.0,
    "concurrency_rsd": 0.0,
    "concurrency_std": 0,
    "get proportion": 0.9,
    "get proportion_rsd": 0.0,
    "get proportion_std": 0,
    "get_misses": 0.0,
    "get_misses_rsd": 0,
    "get_misses_std": 0,
    "object_bytes": 1038098645.3333334,
    "object_bytes_rsd": 2.199713739309716,
    "object_bytes_std": 22835198.528985377,
    "read_bytes": 10865675108.0,
    "read_bytes_rsd": 2.1999363991442342,
    "read_bytes_std": 239037941.7136466,
    "run time": 20.0,
    "run time_rsd": 0.0,
    "run time_std": 0,
    "set proportion": 0.10000000000000002,
    "set proportion_rsd": 0.0,
    "set proportion_std": 0,
    "threads count": 40.0,
    "threads count_rsd": 0.0,
    "threads count_std": 0,
    "total": 3,
    "written_bytes": 6268199555.0,
    "written_bytes_rsd": 2.199890093511213,
    "written_bytes_std": 137893501.05195892
}
