{
    "Net_rate": 1029.5333333333335,
    "Net_rate_rsd": 1.5027941203728452,
    "Net_rate_std": 15.471766400611902,
    "Ops": 306636210.6666667,
    "Ops_rsd": 1.4849449530097407,
    "Ops_std": 4553378.934394984,
    "Run time": 20.0,
    "Run time_rsd": 0.0,
    "Run time_std": 0,
    "TPS": 5110236.333333333,
    "TPS_rsd": 1.4849588843678765,
    "TPS_std": 75884.90844402854,
    "cmd_get": 275971193.0,
    "cmd_get_rsd": 1.4849541579152736,
    "cmd_get_std": 4098045.7051018844,
    "cmd_set": 30665017.666666668,
    "cmd_set_rsd": 1.4848621130844997,
    "cmd_set_std": 455333.2293030018,
    "concurrency": 3120.0,
    "concurrency_rsd": 0.0,
    "concurrency_std": 0,
    "get proportion": 0.9,
    "get proportion_rsd": 0.0,
    "get proportion_std": 0,
    "get_misses": 0.0,
    "get_misses_rsd": 0,
    "get_misses_std": 0,
    "object_bytes": 3925122261.3333335,
    "object_bytes_rsd": 1.4848621130844997,
    "object_bytes_std": 58282653.35078423,
    "read_bytes": 41088637085.333336,
    "read_bytes_rsd": 1.4849749782352974,
    "read_bytes_std": 610155979.6151091,
    "run time": 60.0,
    "run time_rsd": 0.0,
    "run time_std": 0,
    "set proportion": 0.10000000000000002,
    "set proportion_rsd": 0.0,
    "set proportion_std": 0,
    "threads count": 52.0,
    "threads count_rsd": 0.0,
    "threads count_std": 0,
    "total": 3,
    "written_bytes": 23702840663.333332,
    "written_bytes_rsd": 1.4849465800433983,
    "written_bytes_std": 351974521.80330426
}
