{
    "Net_rate": 1031.8999999999999,
    "Net_rate_rsd": 0.9988954716908572,
    "Net_rate_std": 10.307602372377954,
    "Ops": 307237397.3333333,
    "Ops_rsd": 0.9952107761190052,
    "Ops_std": 3057659.6865288983,
    "Run time": 20.0,
    "Run time_rsd": 0.0,
    "Run time_std": 0,
    "TPS": 5120248.333333333,
    "TPS_rsd": 0.9951605063452391,
    "TPS_std": 50954.689240133666,
    "cmd_get": 276512259.0,
    "cmd_get_rsd": 0.9952208940597889,
    "cmd_get_std": 2751907.7762047187,
    "cmd_set": 30725138.333333332,
    "cmd_set_rsd": 0.9951197193147736,
    "cmd_set_std": 305751.91034174256,
    "concurrency": 3120.0,
    "concurrency_rsd": 0.0,
    "concurrency_std": 0,
    "get proportion": 0.9,
    "get proportion_rsd": 0.0,
    "get proportion_std": 0,
    "get_misses": 0.0,
    "get_misses_rsd": 0,
    "get_misses_std": 0,
    "object_bytes": 3932817706.6666665,
    "object_bytes_rsd": 0.9951197193147736,
    "object_bytes_std": 39136244.52374305,
    "read_bytes": 41169195725.333336,
    "read_bytes_rsd": 0.99522823016903,
    "read_bytes_std": 409727457.9920589,
    "run time": 60.0,
    "run time_rsd": 0.0,
    "run time_std": 0,
    "set proportion": 0.10000000000000002,
    "set proportion_rsd": 0.0,
    "set proportion_std": 0,
    "threads count": 52.0,
    "threads count_rsd": 0.0,
    "threads count_std": 0,
    "total": 3,
    "written_bytes": 23749312587.333332,
    "written_bytes_rsd": 0.995214241199022,
    "written_bytes_std": 236356541.05601326
}
