{
    "Net_rate": 198.73333333333335,
    "Net_rate_rsd": 62.14781093631184,
    "Net_rate_std": 123.50841626743042,
    "Ops": 59212985.666666664,
    "Ops_rsd": 62.14633900779074,
    "Ops_std": 36798702.8090412,
    "Run time": 20.0,
    "Run time_rsd": 0.0,
    "Run time_std": 0,
    "TPS": 986823.0,
    "TPS_rsd": 62.14616289103183,
    "TPS_std": 613272.6290261671,
    "cmd_get": 53291364.0,
    "cmd_get_rsd": 62.146712193629504,
    "cmd_get_std": 33118830.609139487,
    "cmd_set": 5921621.666666667,
    "cmd_set_rsd": 62.14298053889296,
    "cmd_set_std": 3679872.1999035357,
    "concurrency": 720.0,
    "concurrency_rsd": 0.0,
    "concurrency_std": 0,
    "get proportion": 0.9,
    "get proportion_rsd": 0.0,
    "get proportion_std": 0,
    "get_misses": 0.0,
    "get_misses_rsd": 0,
    "get_misses_std": 0,
    "object_bytes": 757967573.3333334,
    "object_bytes_rsd": 62.14298053889296,
    "object_bytes_std": 471023641.58765256,
    "read_bytes": 7934397572.0,
    "read_bytes_rsd": 62.147448916571605,
    "read_bytes_std": 4931025677.896398,
    "run time": 60.0,
    "run time_rsd": 0.0,
    "run time_std": 0,
    "set proportion": 0.10000000000000002,
    "set proportion_rsd": 0.0,
    "set proportion_std": 0,
    "threads count": 12.0,
    "threads count_rsd": 0.0,
    "threads count_std": 0,
    "total": 3,
    "written_bytes": 4577132136.0,
    "written_bytes_rsd": 62.14677449895048,
    "written_bytes_std": 2844539987.078915
}
