{
    "Net_rate": 107.23333333333335,
    "Net_rate_rsd": 0.11630890228696625,
    "Net_rate_std": 0.1247219128857235,
    "Ops": 31976567.0,
    "Ops_rsd": 0.11908753237140979,
    "Ops_std": 38080.10457739054,
    "Run time": 20.0,
    "Run time_rsd": 0.0,
    "Run time_std": 0,
    "TPS": 532911.6666666666,
    "TPS_rsd": 0.11887039344839613,
    "TPS_std": 633.4741948990719,
    "cmd_get": 28778585.0,
    "cmd_get_rsd": 0.11909345461062651,
    "cmd_get_std": 34273.41106455557,
    "cmd_set": 3197982.0,
    "cmd_set_rsd": 0.11903426767214548,
    "cmd_set_std": 3806.6944539870315,
    "concurrency": 720.0,
    "concurrency_rsd": 0.0,
    "concurrency_std": 0,
    "get proportion": 0.9,
    "get proportion_rsd": 0.0,
    "get proportion_std": 0,
    "get_misses": 0.0,
    "get_misses_rsd": 0,
    "get_misses_std": 0,
    "object_bytes": 409341696.0,
    "object_bytes_rsd": 0.11903426767214548,
    "object_bytes_std": 487256.89011034,
    "read_bytes": 4284717396.0,
    "read_bytes_rsd": 0.11909698641655346,
    "read_bytes_std": 5102969.295101823,
    "run time": 60.0,
    "run time_rsd": 0.0,
    "run time_std": 0,
    "set proportion": 0.10000000000000002,
    "set proportion_rsd": 0.0,
    "set proportion_std": 0,
    "threads count": 12.0,
    "threads count_rsd": 0.0,
    "threads count_std": 0,
    "total": 3,
    "written_bytes": 2471757012.0,
    "written_bytes_rsd": 0.11908409449459913,
    "written_bytes_std": 2943469.45584696
}
