{
    "Net_rate": 1059.9666666666667,
    "Net_rate_rsd": 0.9477035426759279,
    "Net_rate_std": 10.045341651183945,
    "Ops": 315661258.0,
    "Ops_rsd": 0.9520595956767045,
    "Ops_std": 3005283.2966227992,
    "Run time": 20.0,
    "Run time_rsd": 0.0,
    "Run time_std": 0,
    "TPS": 5260639.333333333,
    "TPS_rsd": 0.9520546032808348,
    "TPS_std": 50084.15893500222,
    "cmd_get": 284093724.6666667,
    "cmd_get_rsd": 0.9520626627981313,
    "cmd_get_std": 2704750.2799038584,
    "cmd_set": 31567533.333333332,
    "cmd_set_rsd": 0.9520319929978782,
    "cmd_set_std": 300533.01673360285,
    "concurrency": 3120.0,
    "concurrency_rsd": 0.0,
    "concurrency_std": 0,
    "get proportion": 0.9,
    "get proportion_rsd": 0.0,
    "get proportion_std": 0,
    "get_misses": 0.0,
    "get_misses_rsd": 0,
    "get_misses_std": 0,
    "object_bytes": 4040644266.6666665,
    "object_bytes_rsd": 0.9520319929978782,
    "object_bytes_std": 38468226.141901165,
    "read_bytes": 42297992597.333336,
    "read_bytes_rsd": 0.9520728904128603,
    "read_bytes_std": 402707720.7080492,
    "run time": 60.0,
    "run time_rsd": 0.0,
    "run time_std": 0,
    "set proportion": 0.10000000000000002,
    "set proportion_rsd": 0.0,
    "set proportion_std": 0,
    "threads count": 52.0,
    "threads count_rsd": 0.0,
    "threads count_std": 0,
    "total": 3,
    "written_bytes": 24400477255.333332,
    "written_bytes_rsd": 0.9520654948077519,
    "written_bytes_std": 232308524.51644227
}
