{
    "Net_rate": 995.6,
    "Net_rate_rsd": 0.21369992496504528,
    "Net_rate_std": 2.1275964529519906,
    "Ops": 296399593.0,
    "Ops_rsd": 0.22607580277320885,
    "Ops_std": 670087.7592912738,
    "Run time": 20.0,
    "Run time_rsd": 0.0,
    "Run time_std": 0,
    "TPS": 4939635.0,
    "TPS_rsd": 0.22606408825110968,
    "TPS_std": 11166.7408256827,
    "cmd_get": 266758218.0,
    "cmd_get_rsd": 0.226077521264033,
    "cmd_get_std": 603080.3670225055,
    "cmd_set": 29641375.0,
    "cmd_set_rsd": 0.22606033756271052,
    "cmd_set_std": 67007.39238322889,
    "concurrency": 3120.0,
    "concurrency_rsd": 0.0,
    "concurrency_std": 0,
    "get proportion": 0.9,
    "get proportion_rsd": 0.0,
    "get proportion_std": 0,
    "get_misses": 0.0,
    "get_misses_rsd": 0,
    "get_misses_std": 0,
    "object_bytes": 3794096000.0,
    "object_bytes_rsd": 0.22606033756271052,
    "object_bytes_std": 8576946.225053297,
    "read_bytes": 39716929324.0,
    "read_bytes_rsd": 0.22608016102082426,
    "read_bytes_std": 89792097.76822618,
    "run time": 60.0,
    "run time_rsd": 0.0,
    "run time_std": 0,
    "set proportion": 0.10000000000000002,
    "set proportion_rsd": 0.0,
    "set proportion_std": 0,
    "threads count": 52.0,
    "threads count_rsd": 0.0,
    "threads count_std": 0,
    "total": 3,
    "written_bytes": 22911550636.0,
    "written_bytes_rsd": 0.22607639423143883,
    "written_bytes_std": 51797607.540379085
}
