{
    "Net_rate": 1068.5000000000002,
    "Net_rate_rsd": 0.7682674981710763,
    "Net_rate_std": 8.208938217957952,
    "Ops": 318173735.3333333,
    "Ops_rsd": 0.7797902358597939,
    "Ops_std": 2481087.721199716,
    "Run time": 20.0,
    "Run time_rsd": 0.0,
    "Run time_std": 0,
    "TPS": 5302509.333333333,
    "TPS_rsd": 0.7797508158287696,
    "TPS_std": 41346.359786063316,
    "cmd_get": 286354963.0,
    "cmd_get_rsd": 0.7797845854888521,
    "cmd_get_std": 2232951.8612563056,
    "cmd_set": 31818772.333333332,
    "cmd_set_rsd": 0.7798410867041142,
    "cmd_set_std": 248135.8599401747,
    "concurrency": 3120.0,
    "concurrency_rsd": 0.0,
    "concurrency_std": 0,
    "get proportion": 0.9,
    "get proportion_rsd": 0.0,
    "get proportion_std": 0,
    "get_misses": 0.0,
    "get_misses_rsd": 0,
    "get_misses_std": 0,
    "object_bytes": 4072802858.6666665,
    "object_bytes_rsd": 0.7798410867041142,
    "object_bytes_std": 31761390.072342362,
    "read_bytes": 42634665269.333336,
    "read_bytes_rsd": 0.7797977255105077,
    "read_bytes_std": 332464150.04927975,
    "run time": 60.0,
    "run time_rsd": 0.0,
    "run time_std": 0,
    "set proportion": 0.10000000000000002,
    "set proportion_rsd": 0.0,
    "set proportion_std": 0,
    "threads count": 52.0,
    "threads count_rsd": 0.0,
    "threads count_std": 0,
    "total": 3,
    "written_bytes": 24594691383.333332,
    "written_bytes_rsd": 0.7797980244532284,
    "written_bytes_std": 191788917.52760172
}
