{
    "Net_rate": 1049.0666666666666,
    "Net_rate_rsd": 0.4103927839525146,
    "Net_rate_std": 4.305293898851179,
    "Ops": 312412770.0,
    "Ops_rsd": 0.42307776148593473,
    "Ops_std": 1321748.9539122018,
    "Run time": 20.0,
    "Run time_rsd": 0.0,
    "Run time_std": 0,
    "TPS": 5206498.333333333,
    "TPS_rsd": 0.42307296208192674,
    "TPS_std": 22027.28671957948,
    "cmd_get": 281170093.3333333,
    "cmd_get_rsd": 0.423081573341554,
    "cmd_get_std": 1189578.8546405823,
    "cmd_set": 31242676.666666668,
    "cmd_set_rsd": 0.42304346188472025,
    "cmd_set_std": 132170.1009561164,
    "concurrency": 3120.0,
    "concurrency_rsd": 0.0,
    "concurrency_std": 0,
    "get proportion": 0.9,
    "get proportion_rsd": 0.0,
    "get proportion_std": 0,
    "get_misses": 0.0,
    "get_misses_rsd": 0,
    "get_misses_std": 0,
    "object_bytes": 3999062613.3333335,
    "object_bytes_rsd": 0.42304346188472025,
    "object_bytes_std": 16917772.9223829,
    "read_bytes": 41862695933.333336,
    "read_bytes_rsd": 0.42308554113210095,
    "read_bytes_std": 177115013.62202936,
    "run time": 60.0,
    "run time_rsd": 0.0,
    "run time_std": 0,
    "set proportion": 0.10000000000000002,
    "set proportion_rsd": 0.0,
    "set proportion_std": 0,
    "threads count": 52.0,
    "threads count_rsd": 0.0,
    "threads count_std": 0,
    "total": 3,
    "written_bytes": 24149368753.333332,
    "written_bytes_rsd": 0.4230787739317809,
    "written_bytes_std": 102170853.23386727
}
