{
    "Net_rate": 1059.1,
    "Net_rate_rsd": 0.7061943896268428,
    "Net_rate_std": 7.479304780537891,
    "Ops": 315343322.3333333,
    "Ops_rsd": 0.7281987831764984,
    "Ops_std": 2296326.2360596764,
    "Run time": 20.0,
    "Run time_rsd": 0.0,
    "Run time_std": 0,
    "TPS": 5255338.333333333,
    "TPS_rsd": 0.7282080155085418,
    "TPS_std": 38269.794985426335,
    "cmd_get": 283807597.6666667,
    "cmd_get_rsd": 0.7282063905830536,
    "cmd_get_std": 2066705.063168908,
    "cmd_set": 31535724.666666668,
    "cmd_set_rsd": 0.7281303204730186,
    "cmd_set_std": 229621.1730788888,
    "concurrency": 3120.0,
    "concurrency_rsd": 0.0,
    "concurrency_std": 0,
    "get proportion": 0.9,
    "get proportion_rsd": 0.0,
    "get proportion_std": 0,
    "get_misses": 0.0,
    "get_misses_rsd": 0,
    "get_misses_std": 0,
    "object_bytes": 4036572757.3333335,
    "object_bytes_rsd": 0.7281303204730186,
    "object_bytes_std": 29391510.154097766,
    "read_bytes": 42255392965.333336,
    "read_bytes_rsd": 0.7282081624342648,
    "read_bytes_std": 307707220.64223146,
    "run time": 60.0,
    "run time_rsd": 0.0,
    "run time_std": 0,
    "set proportion": 0.10000000000000002,
    "set proportion_rsd": 0.0,
    "set proportion_std": 0,
    "threads count": 52.0,
    "threads count_rsd": 0.0,
    "threads count_std": 0,
    "total": 3,
    "written_bytes": 24375898874.333332,
    "written_bytes_rsd": 0.7282040226114186,
    "written_bytes_std": 177506276.1505868
}
