{
    "Net_rate": 1049.7,
    "Net_rate_rsd": 0.5349015178707334,
    "Net_rate_std": 5.614861233089089,
    "Ops": 312617820.0,
    "Ops_rsd": 0.5266579619680546,
    "Ops_std": 1646426.6395609614,
    "Run time": 20.0,
    "Run time_rsd": 0.0,
    "Run time_std": 0,
    "TPS": 5209914.0,
    "TPS_rsd": 0.5266131387860397,
    "TPS_std": 27436.091643453314,
    "cmd_get": 281354632.0,
    "cmd_get_rsd": 0.5266584914957827,
    "cmd_get_std": 1481778.0606447107,
    "cmd_set": 31263188.0,
    "cmd_set_rsd": 0.5266531967041885,
    "cmd_set_std": 164648.57899364026,
    "concurrency": 3120.0,
    "concurrency_rsd": 0.0,
    "concurrency_std": 0,
    "get proportion": 0.9,
    "get proportion_rsd": 0.0,
    "get proportion_std": 0,
    "get_misses": 0.0,
    "get_misses_rsd": 0,
    "get_misses_std": 0,
    "object_bytes": 4001688064.0,
    "object_bytes_rsd": 0.5266531967041885,
    "object_bytes_std": 21075018.111185953,
    "read_bytes": 41890172726.666664,
    "read_bytes_rsd": 0.5266630010679795,
    "read_bytes_std": 220620040.83482286,
    "run time": 60.0,
    "run time_rsd": 0.0,
    "run time_std": 0,
    "set proportion": 0.10000000000000002,
    "set proportion_rsd": 0.0,
    "set proportion_std": 0,
    "threads count": 52.0,
    "threads count_rsd": 0.0,
    "threads count_std": 0,
    "total": 3,
    "written_bytes": 24165219069.666668,
    "written_bytes_rsd": 0.526663414445792,
    "written_bytes_std": 127269367.86061211
}
