{
    "Net_rate": 205.9,
    "Net_rate_rsd": 0.10491728505840336,
    "Net_rate_std": 0.21602468993525253,
    "Ops": 61318905.333333336,
    "Ops_rsd": 0.09682192555858819,
    "Ops_std": 59370.14487518116,
    "Run time": 20.0,
    "Run time_rsd": 0.0,
    "Run time_std": 0,
    "TPS": 1021918.0,
    "TPS_rsd": 0.09689573236836317,
    "TPS_std": 990.1949303041296,
    "cmd_get": 55186681.333333336,
    "cmd_get_rsd": 0.09682120910960221,
    "cmd_get_std": 53432.41213439648,
    "cmd_set": 6132224.0,
    "cmd_set_rsd": 0.09682842067159834,
    "cmd_set_std": 5937.735651244715,
    "concurrency": 720.0,
    "concurrency_rsd": 0.0,
    "concurrency_std": 0,
    "get proportion": 0.9,
    "get proportion_rsd": 0.0,
    "get proportion_std": 0,
    "get_misses": 0.0,
    "get_misses_rsd": 0,
    "get_misses_std": 0,
    "object_bytes": 784924672.0,
    "object_bytes_rsd": 0.09682842067159834,
    "object_bytes_std": 760030.1633593235,
    "read_bytes": 8216590056.0,
    "read_bytes_rsd": 0.09682992377689781,
    "read_bytes_std": 7956117.8882849645,
    "run time": 60.0,
    "run time_rsd": 0.0,
    "run time_std": 0,
    "set proportion": 0.10000000000000002,
    "set proportion_rsd": 0.0,
    "set proportion_std": 0,
    "threads count": 12.0,
    "threads count_rsd": 0.0,
    "threads count_std": 0,
    "total": 3,
    "written_bytes": 4739920118.0,
    "written_bytes_rsd": 0.0968168611404747,
    "written_bytes_std": 4589041.878813485
}
