{
    "Net_rate": 209.79999999999998,
    "Net_rate_rsd": 0.21668544164561038,
    "Net_rate_std": 0.4546060565724905,
    "Ops": 62459737.333333336,
    "Ops_rsd": 0.20731628894983403,
    "Ops_std": 129489.20952728069,
    "Run time": 20.0,
    "Run time_rsd": 0.0,
    "Run time_std": 0,
    "TPS": 1040934.6666666666,
    "TPS_rsd": 0.20731285743718347,
    "TPS_std": 2157.991401520888,
    "cmd_get": 56213448.0,
    "cmd_get_rsd": 0.20731562450158011,
    "cmd_get_std": 116539.26077507099,
    "cmd_set": 6246289.333333333,
    "cmd_set_rsd": 0.20732227166341757,
    "cmd_set_std": 12949.948940536407,
    "concurrency": 720.0,
    "concurrency_rsd": 0.0,
    "concurrency_std": 0,
    "get proportion": 0.9,
    "get proportion_rsd": 0.0,
    "get proportion_std": 0,
    "get_misses": 0.0,
    "get_misses_rsd": 0,
    "get_misses_std": 0,
    "object_bytes": 799525034.6666666,
    "object_bytes_rsd": 0.20732227166341757,
    "object_bytes_std": 1657593.4643886602,
    "read_bytes": 8369462645.333333,
    "read_bytes_rsd": 0.20732802002888404,
    "read_bytes_std": 17352241.18962666,
    "run time": 60.0,
    "run time_rsd": 0.0,
    "run time_std": 0,
    "set proportion": 0.10000000000000002,
    "set proportion_rsd": 0.0,
    "set proportion_std": 0,
    "threads count": 12.0,
    "threads count_rsd": 0.0,
    "threads count_std": 0,
    "total": 3,
    "written_bytes": 4828105857.333333,
    "written_bytes_rsd": 0.20731023536301987,
    "written_bytes_std": 10009157.616413482
}
