{
    "Net_rate": 304.40000000000003,
    "Net_rate_rsd": 0.09671223023437485,
    "Net_rate_std": 0.29439202883343707,
    "Ops": 90663305.33333333,
    "Ops_rsd": 0.0948256000270043,
    "Ops_std": 85972.02328664831,
    "Run time": 20.0,
    "Run time_rsd": 0.0,
    "Run time_std": 0,
    "TPS": 1510965.6666666667,
    "TPS_rsd": 0.0948161891677926,
    "TPS_std": 1432.6400647670653,
    "cmd_get": 81596644.0,
    "cmd_get_rsd": 0.0948281720912763,
    "cmd_get_std": 77376.60599302608,
    "cmd_set": 9066661.333333334,
    "cmd_set_rsd": 0.09480246806680862,
    "cmd_set_std": 8595.418715259018,
    "concurrency": 720.0,
    "concurrency_rsd": 0.0,
    "concurrency_std": 0,
    "get proportion": 0.9,
    "get proportion_rsd": 0.0,
    "get proportion_std": 0,
    "get_misses": 0.0,
    "get_misses_rsd": 0,
    "get_misses_std": 0,
    "object_bytes": 1160532650.6666667,
    "object_bytes_rsd": 0.09480246806680862,
    "object_bytes_std": 1100213.5955531544,
    "read_bytes": 12148740216.0,
    "read_bytes_rsd": 0.09483416335328194,
    "read_bytes_std": 11521156.141807297,
    "run time": 60.0,
    "run time_rsd": 0.0,
    "run time_std": 0,
    "set proportion": 0.10000000000000002,
    "set proportion_rsd": 0.0,
    "set proportion_std": 0,
    "threads count": 12.0,
    "threads count_rsd": 0.0,
    "threads count_std": 0,
    "total": 3,
    "written_bytes": 7008241946.0,
    "written_bytes_rsd": 0.0948192934398305,
    "written_bytes_std": 6645165.495751028
}
