{
    "Net_rate": 343.3,
    "Net_rate_rsd": 2.4025132528146624,
    "Net_rate_std": 8.247827996912736,
    "Ops": 102235940.0,
    "Ops_rsd": 2.4549594717446386,
    "Ops_std": 2509850.8925571656,
    "Run time": 20.0,
    "Run time_rsd": 0.0,
    "Run time_std": 0,
    "TPS": 1703790.0,
    "TPS_rsd": 2.4532615719756756,
    "TPS_std": 41798.425337164364,
    "cmd_get": 92010939.0,
    "cmd_get_rsd": 2.45500612340194,
    "cmd_get_std": 2258874.186649624,
    "cmd_set": 10225001.0,
    "cmd_set_rsd": 2.454539671422279,
    "cmd_set_std": 250976.70594832476,
    "concurrency": 3120.0,
    "concurrency_rsd": 0.0,
    "concurrency_std": 0,
    "get proportion": 0.9,
    "get proportion_rsd": 0.0,
    "get proportion_std": 0,
    "get_misses": 0.0,
    "get_misses_rsd": 0,
    "get_misses_std": 0,
    "object_bytes": 1308800128.0,
    "object_bytes_rsd": 2.454539671422279,
    "object_bytes_std": 32125018.36138557,
    "read_bytes": 13699000620.0,
    "read_bytes_rsd": 2.4550678949940643,
    "read_bytes_std": 336319766.1566578,
    "run time": 60.0,
    "run time_rsd": 0.0,
    "run time_std": 0,
    "set proportion": 0.10000000000000002,
    "set proportion_rsd": 0.0,
    "set proportion_std": 0,
    "threads count": 52.0,
    "threads count_rsd": 0.0,
    "threads count_std": 0,
    "total": 3,
    "written_bytes": 7902699843.0,
    "written_bytes_rsd": 2.455004112560841,
    "written_bytes_std": 194011606.1489891
}
