{
    "Net_rate": 369.2666666666667,
    "Net_rate_rsd": 0.10449392401741676,
    "Net_rate_std": 0.38586123008831436,
    "Ops": 109941054.33333333,
    "Ops_rsd": 0.10223103337220743,
    "Ops_std": 112393.8759452667,
    "Run time": 20.0,
    "Run time_rsd": 0.0,
    "Run time_std": 0,
    "TPS": 1832241.6666666667,
    "TPS_rsd": 0.10224448269496912,
    "TPS_std": 1873.3660138050138,
    "cmd_get": 98946620.66666667,
    "cmd_get_rsd": 0.10222676485782026,
    "cmd_get_std": 101149.92924367273,
    "cmd_set": 10994433.666666666,
    "cmd_set_rsd": 0.10226947143153547,
    "cmd_set_std": 11243.949197790784,
    "concurrency": 720.0,
    "concurrency_rsd": 0.0,
    "concurrency_std": 0,
    "get proportion": 0.9,
    "get proportion_rsd": 0.0,
    "get proportion_std": 0,
    "get_misses": 0.0,
    "get_misses_rsd": 0,
    "get_misses_std": 0,
    "object_bytes": 1407287509.3333333,
    "object_bytes_rsd": 0.10226947143153547,
    "object_bytes_std": 1439225.4973172203,
    "read_bytes": 14731958708.0,
    "read_bytes_rsd": 0.10223171455281488,
    "read_bytes_std": 15060733.974401115,
    "run time": 60.0,
    "run time_rsd": 0.0,
    "run time_std": 0,
    "set proportion": 0.10000000000000002,
    "set proportion_rsd": 0.0,
    "set proportion_std": 0,
    "threads count": 12.0,
    "threads count_rsd": 0.0,
    "threads count_std": 0,
    "total": 3,
    "written_bytes": 8498411878.0,
    "written_bytes_rsd": 0.10223169240395488,
    "written_bytes_std": 8688070.290338125
}
