{
    "Net_rate": 432.93333333333334,
    "Net_rate_rsd": 4.383449370701191,
    "Net_rate_std": 18.97741347555569,
    "Ops": 128965262.66666667,
    "Ops_rsd": 4.352444557778467,
    "Ops_std": 5613141.556360039,
    "Run time": 20.0,
    "Run time_rsd": 0.0,
    "Run time_std": 0,
    "TPS": 2149162.0,
    "TPS_rsd": 4.35673913929589,
    "TPS_std": 93633.38202087433,
    "cmd_get": 116067334.66666667,
    "cmd_get_rsd": 4.352494923868064,
    "cmd_get_std": 5051824.849635624,
    "cmd_set": 12897928.0,
    "cmd_set_rsd": 4.351991318211618,
    "cmd_set_std": 561316.7067891853,
    "concurrency": 3120.0,
    "concurrency_rsd": 0.0,
    "concurrency_std": 0,
    "get proportion": 0.9,
    "get proportion_rsd": 0.0,
    "get proportion_std": 0,
    "get_misses": 0.0,
    "get_misses_rsd": 0,
    "get_misses_std": 0,
    "object_bytes": 1650934784.0,
    "object_bytes_rsd": 4.351991318211618,
    "object_bytes_std": 71848538.46901572,
    "read_bytes": 17280731714.666668,
    "read_bytes_rsd": 4.352606654290751,
    "read_bytes_std": 752162278.5227137,
    "run time": 60.0,
    "run time_rsd": 0.0,
    "run time_std": 0,
    "set proportion": 0.10000000000000002,
    "set proportion_rsd": 0.0,
    "set proportion_std": 0,
    "threads count": 52.0,
    "threads count_rsd": 0.0,
    "threads count_std": 0,
    "total": 3,
    "written_bytes": 9968875516.666666,
    "written_bytes_rsd": 4.352498519269695,
    "written_bytes_std": 433895159.25075585
}
